date, pm25, pm10, o3, no2, so2, co
2025/10/1, 26, 16, , 3, , 
2025/10/2, 34, 16, , 2, , 
2025/10/3, 34, 10, , 1, , 
2025/10/4, 21, 11, , 1, , 
2025/10/5, 25, 14, , 1, , 
2025/10/6, 31, 17, , 1, , 
2025/10/7, 37, 15, , 1, , 
2025/10/8, 31, 15, , 1, , 
2025/10/9, 30, 12, , 2, , 
2025/10/10, 26, , , , , 
2025/7/1, 51, 15, , 2, , 
2025/7/2, 31, 15, , 3, , 
2025/7/3, 31, 18, , 2, , 
2025/7/4, 38, 18, , 1, , 
2025/7/5, 40, 17, , 2, , 
2025/7/6, 40, 19, , 2, , 
2025/7/7, 47, 19, , 5, , 
2025/7/8, 42, 14, , 2, , 
2025/7/9, 33, 19, , 1, , 
2025/7/10, 42, 19, , 1, , 
2025/7/11, 42, 22, , 1, , 
2025/7/12, 41, 21, , 1, , 
2025/7/13, 44, 20, , 2, , 
2025/7/14, 47, 19, , 3, , 
2025/7/15, 41, 16, , 2, , 
2025/7/16, 34, 15, , 2, , 
2025/7/17, 33, 20, , 3, , 
2025/7/18, 46, 20, , 1, , 
2025/7/19, 46, 22, , 1, , 
2025/7/20, 48, 23, , 2, , 
2025/7/21, 48, 20, , 1, , 
2025/7/22, 47, 22, , 1, , 
2025/7/23, 45, 20, , 1, , 
2025/7/24, 44, 25, , 1, , 
2025/7/25, 49, 21, , 1, , 
2025/7/26, 48, 21, , , , 
2025/7/27, 48, 20, , 1, , 
2025/7/28, 43, 20, , 1, , 
2025/7/29, 45, 21, , 1, , 
2025/7/30, 47, 23, , 2, , 
2025/7/31, 52, 22, , 2, , 
2025/8/1, 50, 25, , 3, , 
2025/8/2, 52, 21, , 2, , 
2025/8/3, 47, 20, , 2, , 
2025/8/4, 45, 21, , 2, , 
2025/8/5, 46, 19, , 2, , 
2025/8/6, 44, 16, , 3, , 
2025/8/7, 39, 19, , 3, , 
2025/8/8, 43, 19, , 1, , 
2025/8/9, 43, 20, , 1, , 
2025/8/10, 45, 18, , 3, , 
2025/8/11, 41, 15, , 1, , 
2025/8/12, 34, 16, , 3, , 
2025/8/13, 34, 19, , 3, , 
2025/8/14, 40, 14, , 3, , 
2025/8/15, 30, 15, , 2, , 
2025/8/16, 33, 21, , 3, , 
2025/8/17, 47, 24, , 5, , 
2025/8/18, 53, 27, , 4, , 
2025/8/19, 55, 21, , 3, , 
2025/8/20, 46, 18, , 3, , 
2025/8/21, 40, 15, , 3, , 
2025/8/22, 32, 15, , 2, , 
2025/8/23, 34, 14, , 2, , 
2025/8/24, 28, 16, , 3, , 
2025/8/25, 31, 16, , 3, , 
2025/8/26, 33, 19, , 4, , 
2025/8/27, 44, 15, , 3, , 
2025/8/28, 32, 15, , 2, , 
2025/8/29, 29, 11, , 2, , 
2025/8/30, 25, 11, , , , 
2025/8/31, 23, 10, , 2, , 
2025/9/1, 23, 10, , 1, , 
2025/9/2, 24, 14, , 3, , 
2025/9/3, 31, 10, , 3, , 
2025/9/4, 23, 11, , 3, , 
2025/9/5, 25, 16, , 2, , 
2025/9/6, 30, 16, , 2, , 
2025/9/7, 33, 13, , 2, , 
2025/9/8, 31, 13, , 3, , 
2025/9/9, 29, 14, , 3, , 
2025/9/10, 32, 15, , 2, , 
2025/9/11, 35, 14, , 2, , 
2025/9/12, 29, 12, , 2, , 
2025/9/13, 27, 12, , 2, , 
2025/9/14, 25, 12, , 3, , 
2025/9/15, 23, 11, , 3, , 
2025/9/16, 24, 12, , 2, , 
2025/9/17, 26, 12, , 2, , 
2025/9/18, 24, 11, , 1, , 
2025/9/19, 23, 15, , 1, , 
2025/9/20, 26, 14, , 2, , 
2025/9/21, 29, 15, , 2, , 
2025/9/22, 34, 17, , 2, , 
2025/9/23, 36, 13, , 1, , 
2025/9/24, 27, 16, , 1, , 
2025/9/25, 34, 13, , 1, , 
2025/9/26, 29, 14, , 2, , 
2025/9/27, 31, 12, , , , 
2025/9/28, 25, 14, , 2, , 
2025/9/29, 26, 13, , 4, , 
2025/9/30, 25, 13, , 4, , 
2025/4/1, 50, 16, , 2, , 
2025/4/2, 36, 16, , 2, , 
2025/4/3, 29, 15, , 1, , 
2025/4/4, 31, 17, , 1, , 
2025/4/5, 36, 16, , 1, , 
2025/4/6, 38, 17, , 1, , 
2025/4/7, 40, 20, , 2, , 
2025/4/8, 47, 21, , 2, , 
2025/4/9, 50, 18, , 3, , 
2025/4/10, 43, 18, , 2, , 
2025/4/11, 40, 12, , 1, , 
2025/4/12, 25, 11, , 2, , 
2025/4/13, 25, 14, , 2, , 
2025/4/14, 25, 13, , , , 
2025/4/15, 25, 12, , 4, , 
2025/4/16, 24, 13, , 3, , 
2025/4/17, 24, 12, , 2, , 
2025/4/18, 26, 11, , 2, , 
2025/4/19, 25, 12, , 1, , 
2025/4/20, 26, 14, , 2, , 
2025/4/21, 30, 15, , 2, , 
2025/4/22, 32, 17, , 2, , 
2025/4/23, 37, 13, , 3, , 
2025/4/24, 29, 12, , 3, , 
2025/4/25, 29, 13, , 3, , 
2025/4/26, 30, 13, , 2, , 
2025/4/27, 29, 14, , 2, , 
2025/4/28, 31, 13, , 3, , 
2025/4/29, 32, 16, , 3, , 
2025/4/30, 35, 18, , 2, , 
2025/5/1, 41, 17, , 3, , 
2025/5/2, 36, 15, , 3, , 
2025/5/3, 30, 15, , 2, , 
2025/5/4, 32, 12, , 4, , 
2025/5/5, 29, 16, , 3, , 
2025/5/6, 27, 11, , 3, , 
2025/5/7, 26, 12, , 4, , 
2025/5/8, 28, 11, , 2, , 
2025/5/9, 25, 11, , 2, , 
2025/5/10, 24, 14, , 3, , 
2025/5/11, 26, 11, , 4, , 
2025/5/12, 25, 12, , 4, , 
2025/5/13, 26, 14, , 5, , 
2025/5/14, 27, 17, , 4, , 
2025/5/15, 31, 19, , 3, , 
2025/5/16, 41, 18, , 4, , 
2025/5/17, 41, 14, , 3, , 
2025/5/18, 32, 13, , 3, , 
2025/5/19, 27, 16, , 3, , 
2025/5/20, 31, 14, , 3, , 
2025/5/21, 32, 13, , 4, , 
2025/5/22, 28, 17, , 3, , 
2025/5/23, 36, 12, , 2, , 
2025/5/24, 24, 11, , 3, , 
2025/5/25, 25, 11, , 4, , 
2025/5/26, 25, 12, , 4, , 
2025/5/27, 25, 11, , 3, , 
2025/5/28, 24, 18, , 3, , 
2025/5/29, 37, 18, , 3, , 
2025/5/30, 43, 22, , 3, , 
2025/5/31, 51, 27, , 5, , 
2025/6/1, 54, 20, , 3, , 
2025/6/2, 45, 20, , 3, , 
2025/6/3, 45, 14, , 4, , 
2025/6/4, 29, 12, , 3, , 
2025/6/5, 28, 16, , 4, , 
2025/6/6, 28, 13, , 2, , 
2025/6/7, 26, 12, , 1, , 
2025/6/8, 25, 14, , 2, , 
2025/6/9, 32, 19, , 5, , 
2025/6/10, 38, 15, , 3, , 
2025/6/11, 33, 14, , 4, , 
2025/6/12, 31, 16, , 4, , 
2025/6/13, 36, 24, , 3, , 
2025/6/14, 53, 25, , 4, , 
2025/6/15, 53, 19, , 2, , 
2025/6/16, 41, 14, , 3, , 
2025/6/17, 32, 14, , 3, , 
2025/6/18, 30, 14, , 3, , 
2025/6/19, 28, 16, , 3, , 
2025/6/20, 27, 12, , 2, , 
2025/6/21, 27, 12, , 4, , 
2025/6/22, 26, 13, , 3, , 
2025/6/23, 29, 16, , 5, , 
2025/6/24, 28, 15, , 4, , 
2025/6/25, 31, 31, , 4, , 
2025/6/26, 60, 31, , 4, , 
2025/6/27, 59, 31, , 3, , 
2025/6/28, 61, 29, , 2, , 
2025/6/29, 56, 31, , 1, , 
2025/6/30, 56, 23, , 2, , 
2025/1/1, 65, , , 2, , 
2025/1/2, 62, , , 2, , 
2025/1/3, 67, , , 2, , 
2025/1/4, 67, , , , , 
2025/1/5, 53, , , 2, , 
2025/1/6, 72, , , 2, , 
2025/1/7, 73, , , 4, , 
2025/1/8, 68, , , 3, , 
2025/1/9, 75, , , 2, , 
2025/1/10, 73, , , 3, , 
2025/1/11, 69, , , 1, , 
2025/1/12, 68, , , 2, , 
2025/1/13, 74, , , 2, , 
2025/1/14, 82, , , 3, , 
2025/1/15, 74, , , 3, , 
2025/1/16, 52, , , 4, , 
2025/1/17, 54, , , 2, , 
2025/1/18, 68, , , 4, , 
2025/1/19, 71, , , 3, , 
2025/1/20, 66, , , 3, , 
2025/1/21, 74, , , 3, , 
2025/1/22, 81, , , 4, , 
2025/1/23, 74, , , 2, , 
2025/1/24, 75, , , 2, , 
2025/1/25, 62, , , 2, , 
2025/1/26, 64, , , 2, , 
2025/1/27, 66, , , 2, , 
2025/1/28, 66, , , 3, , 
2025/1/29, 68, , , 3, , 
2025/1/30, 66, , , 5, , 
2025/1/31, 69, , , 6, , 
2025/2/1, 84, , , 6, , 
2025/2/2, 75, , , 4, , 
2025/2/3, 82, , , 2, , 
2025/2/4, 69, , , 2, , 
2025/2/5, 62, , , 2, , 
2025/2/6, 63, , , , , 
2025/2/7, 63, , , 4, , 
2025/2/8, 67, , , 2, , 
2025/2/9, 65, , , 4, , 
2025/2/10, 69, , , 4, , 
2025/2/11, 70, , , 3, , 
2025/2/12, 70, , , 4, , 
2025/2/13, 68, , , 5, , 
2025/2/14, 63, , , 3, , 
2025/2/15, 62, , , 3, , 
2025/2/16, 63, , , 3, , 
2025/2/17, 62, , , 3, , 
2025/2/18, 54, , , 2, , 
2025/2/19, 45, , , 2, , 
2025/2/20, 49, , , 3, , 
2025/2/21, 46, , , 1, , 
2025/2/22, 47, , , 1, , 
2025/2/23, 42, , , 1, , 
2025/2/24, 30, , , 2, , 
2025/2/25, 43, , , 2, , 
2025/2/26, 44, , , 2, , 
2025/2/27, 49, , , 2, , 
2025/2/28, 47, , , 1, , 
2025/3/1, 47, , , 3, , 
2025/3/2, 51, , , 3, , 
2025/3/3, 55, , , 3, , 
2025/3/4, 57, , , 3, , 
2025/3/5, 57, , , 3, , 
2025/3/6, 55, , , 2, , 
2025/3/7, 54, , , 1, , 
2025/3/8, 37, , , 1, , 
2025/3/9, 41, , , 1, , 
2025/3/10, 44, , , 1, , 
2025/3/11, 44, , , 2, , 
2025/3/12, 42, , , 2, , 
2025/3/13, 40, , , 1, , 
2025/3/14, 44, , , 2, , 
2025/3/15, 41, , , 1, , 
2025/3/16, 38, , , 3, , 
2025/3/17, 47, 26, , 2, , 
2025/3/18, 50, 27, , 2, , 
2025/3/19, 54, 33, , 3, , 
2025/3/20, 60, 36, , 3, , 
2025/3/21, 64, 50, , 2, , 
2025/3/22, 74, 46, , 2, , 
2025/3/23, 68, 37, , 3, , 
2025/3/24, 65, 40, , 3, , 
2025/3/25, 69, 49, , 4, , 
2025/3/26, 78, 44, , 2, , 
2025/3/27, 74, 44, , 3, , 
2025/3/28, 70, 39, , 2, , 
2025/3/29, 70, 35, , 2, , 
2025/3/30, 66, 29, , 2, , 
2025/3/31, 58, 26, , 2, , 
2024/10/1, 38, , , 2, , 
2024/10/2, 40, , , 1, , 
2024/10/3, 39, , , 2, , 
2024/10/4, 39, , , 4, , 
2024/10/5, 39, , , 3, , 
2024/10/6, 32, , , 3, , 
2024/10/7, 36, , , 2, , 
2024/10/8, 36, , , 3, , 
2024/10/9, 44, , , 4, , 
2024/10/10, 50, , , 5, , 
2024/10/11, 44, , , 4, , 
2024/10/12, 43, , , 2, , 
2024/10/13, 35, , , 2, , 
2024/10/14, 37, , , 3, , 
2024/10/15, 37, , , 3, , 
2024/10/16, 36, , , 5, , 
2024/10/17, 41, , , 3, , 
2024/10/18, 35, , , 3, , 
2024/10/19, 36, , , 4, , 
2024/10/20, 43, , , 4, , 
2024/10/21, 51, , , 3, , 
2024/10/22, 50, , , 2, , 
2024/10/23, 49, , , 4, , 
2024/10/24, 46, , , 3, , 
2024/10/25, 41, , , 2, , 
2024/10/26, 34, , , 2, , 
2024/10/27, 40, , , 2, , 
2024/10/28, 43, , , 3, , 
2024/10/29, 54, , , 3, , 
2024/10/30, 52, , , 2, , 
2024/10/31, 47, , , 2, , 
2024/11/1, 42, , , 2, , 
2024/11/2, 49, , , 2, , 
2024/11/3, 49, , , 5, , 
2024/11/4, 49, , , 1, , 
2024/11/5, 41, , , 3, , 
2024/11/6, 40, , , 2, , 
2024/11/7, 38, , , 3, , 
2024/11/8, 40, , , 2, , 
2024/11/9, 41, , , 2, , 
2024/11/10, 41, , , 2, , 
2024/11/11, 40, , , 3, , 
2024/11/12, 45, , , 3, , 
2024/11/13, 52, , , 5, , 
2024/11/14, 69, , , 5, , 
2024/11/15, 59, , , 3, , 
2024/11/16, 54, , , 3, , 
2024/11/17, 55, , , 3, , 
2024/11/18, 53, , , 2, , 
2024/11/19, 58, , , 2, , 
2024/11/20, 56, , , 1, , 
2024/11/21, 44, , , 2, , 
2024/11/22, 38, , , 1, , 
2024/11/23, 46, , , 1, , 
2024/11/24, 37, , , 2, , 
2024/11/25, 40, , , 4, , 
2024/11/26, 39, , , 4, , 
2024/11/27, 42, , , 3, , 
2024/11/28, 40, , , 4, , 
2024/11/29, 32, , , 2, , 
2024/11/30, 47, , , 3, , 
2024/12/1, 59, , , 3, , 
2024/12/2, 56, , , 3, , 
2024/12/3, 62, , , 6, , 
2024/12/4, 64, , , 3, , 
2024/12/5, 55, , , 2, , 
2024/12/6, 47, , , 2, , 
2024/12/7, 53, , , 2, , 
2024/12/8, 52, , , 2, , 
2024/12/9, 55, , , 3, , 
2024/12/10, 51, , , 6, , 
2024/12/11, 57, , , 6, , 
2024/12/12, 56, , , 4, , 
2024/12/13, 42, , , 3, , 
2024/12/14, 36, , , 2, , 
2024/12/15, 38, , , 2, , 
2024/12/16, 28, , , 1, , 
2024/12/17, 46, , , 2, , 
2024/12/18, 55, , , 2, , 
2024/12/19, 56, , , 2, , 
2024/12/20, 54, , , 2, , 
2024/12/21, 60, , , 1, , 
2024/12/22, 60, , , 3, , 
2024/12/23, 63, , , 4, , 
2024/12/24, 62, , , 4, , 
2024/12/25, 61, , , 3, , 
2024/12/26, 67, , , 3, , 
2024/12/27, 71, , , , , 
2024/12/28, 41, , , 1, , 
2024/12/29, 43, , , , , 
2024/7/1, 46, , , 4, , 
2024/7/2, 53, , , 3, , 
2024/7/3, 52, , , 4, , 
2024/7/4, 46, , , 2, , 
2024/7/5, 44, , , 3, , 
2024/7/6, 50, , , 3, , 
2024/7/7, 48, , , 3, , 
2024/7/8, 49, , , 4, , 
2024/7/9, 53, , , 3, , 
2024/7/10, 50, , , 5, , 
2024/7/11, 46, , , 5, , 
2024/7/12, 51, , , 4, , 
2024/7/13, 52, , , 4, , 
2024/7/14, 52, , , 4, , 
2024/7/15, 52, , , 3, , 
2024/7/16, 53, , , 4, , 
2024/7/17, 51, , , 3, , 
2024/7/18, 58, , , 3, , 
2024/7/19, 57, , , 4, , 
2024/7/20, 57, , , 5, , 
2024/7/21, 54, , , 3, , 
2024/7/22, 54, , , 5, , 
2024/7/23, 57, , , 3, , 
2024/7/24, 67, , , 3, , 
2024/7/25, 65, , , 4, , 
2024/7/26, 68, , , 6, , 
2024/7/27, 73, , , 7, , 
2024/7/28, 75, , , 5, , 
2024/7/29, 58, , , 5, , 
2024/7/30, 53, , , 4, , 
2024/7/31, 55, , , 4, , 
2024/8/1, 67, , , 6, , 
2024/8/2, 66, , , 5, , 
2024/8/3, 66, , , 4, , 
2024/8/4, 56, , , 4, , 
2024/8/5, 51, , , 6, , 
2024/8/6, 46, , , 5, , 
2024/8/7, 45, , , 4, , 
2024/8/8, 48, , , 5, , 
2024/8/9, 54, , , 3, , 
2024/8/10, 45, , , 3, , 
2024/8/11, 44, , , 3, , 
2024/8/12, 37, , , 3, , 
2024/8/13, 43, , , 3, , 
2024/8/14, 46, , , 3, , 
2024/8/15, 47, , , 2, , 
2024/8/16, 49, , , 3, , 
2024/8/17, 45, , , 2, , 
2024/8/18, 46, , , 2, , 
2024/8/19, 39, , , 5, , 
2024/8/20, 33, , , 4, , 
2024/8/21, 39, , , 2, , 
2024/8/22, 42, , , 2, , 
2024/8/23, 33, , , 2, , 
2024/8/24, 37, , , 2, , 
2024/8/25, 38, , , 4, , 
2024/8/26, 41, , , 3, , 
2024/8/27, 38, , , 3, , 
2024/8/28, 36, , , 4, , 
2024/8/29, 43, , , 3, , 
2024/8/30, 57, , , 3, , 
2024/8/31, 54, , , 3, , 
2024/9/1, 48, , , 4, , 
2024/9/2, 46, , , 5, , 
2024/9/3, 34, , , 3, , 
2024/9/4, 40, , , 2, , 
2024/9/5, 36, , , 2, , 
2024/9/6, 41, , , 2, , 
2024/9/7, 35, , , 1, , 
2024/9/8, 42, , , 3, , 
2024/9/9, 36, , , 2, , 
2024/9/10, 44, , , 2, , 
2024/9/11, 48, , , 2, , 
2024/9/12, 47, , , 3, , 
2024/9/13, 39, , , 3, , 
2024/9/14, 36, , , 2, , 
2024/9/15, 38, , , 3, , 
2024/9/16, 42, , , 2, , 
2024/9/17, 36, , , 3, , 
2024/9/18, 35, , , 3, , 
2024/9/19, 37, , , 2, , 
2024/9/20, 39, , , 2, , 
2024/9/21, 43, , , 1, , 
2024/9/22, 42, , , 4, , 
2024/9/23, 49, , , 4, , 
2024/9/24, 43, , , 2, , 
2024/9/25, 40, , , 2, , 
2024/9/26, 40, , , 2, , 
2024/9/27, 37, , , 1, , 
2024/9/28, 40, , , 3, , 
2024/9/29, 46, , , 2, , 
2024/9/30, 40, , , 2, , 
2024/4/1, 62, , , 2, , 
2024/4/2, 81, , , 3, , 
2024/4/3, 96, , , 2, , 
2024/4/4, 85, , , 2, , 
2024/4/5, 81, , , 2, , 
2024/4/6, 82, , , 4, , 
2024/4/7, 91, , , 3, , 
2024/4/8, 78, , , 4, , 
2024/4/9, 70, , , 2, , 
2024/4/10, 61, , , 2, , 
2024/4/11, 74, , , 2, , 
2024/4/12, 68, , , 4, , 
2024/4/13, 80, , , 3, , 
2024/4/14, 84, , , 2, , 
2024/4/15, 74, , , 3, , 
2024/4/16, 71, , , 2, , 
2024/4/17, 71, , , 3, , 
2024/4/18, 75, , , 3, , 
2024/4/19, 81, , , 2, , 
2024/4/20, 72, , , 2, , 
2024/4/21, 75, , , 1, , 
2024/4/22, 78, , , 1, , 
2024/4/23, 83, , , 2, , 
2024/4/24, 88, , , 2, , 
2024/4/25, 86, , , 3, , 
2024/4/26, 70, , , 3, , 
2024/4/27, 80, , , 2, , 
2024/4/28, 80, , , 2, , 
2024/4/29, 70, , , 2, , 
2024/4/30, 77, , , 2, , 
2024/5/1, 97, , , 2, , 
2024/5/2, 110, , , 3, , 
2024/5/3, 104, , , 4, , 
2024/5/4, 98, , , 3, , 
2024/5/5, 106, , , 2, , 
2024/5/6, 89, , , 4, , 
2024/5/7, 67, , , 5, , 
2024/5/8, 58, , , 5, , 
2024/5/9, 61, , , 2, , 
2024/5/10, 51, , , 3, , 
2024/5/11, 58, , , 3, , 
2024/5/12, 47, , , 5, , 
2024/5/13, 57, , , 3, , 
2024/5/14, 63, , , 2, , 
2024/5/15, 54, , , 4, , 
2024/5/16, 56, , , 5, , 
2024/5/17, 52, , , 3, , 
2024/5/18, 49, , , 4, , 
2024/5/19, 56, , , 3, , 
2024/5/20, 47, , , 5, , 
2024/5/21, 49, , , 1, , 
2024/5/22, 35, , , 4, , 
2024/5/23, 48, , , 3, , 
2024/5/24, 51, , , 3, , 
2024/5/25, 57, , , 3, , 
2024/5/26, 64, , , 3, , 
2024/5/27, 61, , , 4, , 
2024/5/28, 61, , , 4, , 
2024/5/29, 53, , , 3, , 
2024/5/30, 52, , , 2, , 
2024/5/31, 46, , , 2, , 
2024/6/1, 54, , , 3, , 
2024/6/2, 52, , , 4, , 
2024/6/3, 55, , , 3, , 
2024/6/4, 53, , , 2, , 
2024/6/5, 49, , , 3, , 
2024/6/6, 48, , , 3, , 
2024/6/7, 48, , , 1, , 
2024/6/8, 48, , , 1, , 
2024/6/9, 60, , , 3, , 
2024/6/10, 57, , , 3, , 
2024/6/11, 58, , , 2, , 
2024/6/12, 56, , , 2, , 
2024/6/13, 53, , , 2, , 
2024/6/14, 50, , , 1, , 
2024/6/15, 52, , , 1, , 
2024/6/16, 51, , , , , 
2024/6/20, 35, , , 3, , 
2024/6/21, 44, , , 3, , 
2024/6/22, 50, , , 5, , 
2024/6/23, 49, , , 6, , 
2024/6/24, 45, , , 4, , 
2024/6/25, 47, , , 4, , 
2024/6/26, 60, , , 6, , 
2024/6/27, 60, , , 4, , 
2024/6/28, 46, , , 5, , 
2024/6/29, 50, , , 3, , 
2024/6/30, 45, , , 3, , 
2024/1/1, 81, 25, , 2, , 
2024/1/2, 70, 25, , 2, , 
2024/1/3, 75, 25, , 3, , 
2024/1/4, 76, 25, , 2, , 
2024/1/5, 78, 25, , 2, , 
2024/1/6, 92, 26, , 2, , 
2024/1/7, 102, 25, , 2, , 
2024/1/8, 83, 25, , 2, , 
2024/1/9, 79, 25, , 2, , 
2024/1/10, 95, 25, , 3, , 
2024/1/11, 81, 25, , 3, , 
2024/1/12, 80, 25, , 4, , 
2024/1/13, 88, 25, , 2, , 
2024/1/14, 93, 26, , 2, , 
2024/1/15, 92, 26, , 2, , 
2024/1/16, 82, 25, , 1, , 
2024/1/17, 81, 26, , 2, , 
2024/1/18, 86, 26, , 2, , 
2024/1/19, 70, , , , , 
2024/1/20, 85, , , , , 
2024/1/21, 94, , , , , 
2024/1/22, 92, , , , , 
2024/1/23, 69, , , , , 
2024/1/24, 77, 25, , 1, , 
2024/1/25, 67, 25, , 2, , 
2024/1/26, 72, 25, , 1, , 
2024/1/27, 76, 25, , 1, , 
2024/1/28, 75, 25, , 1, , 
2024/1/29, 75, 25, , 2, , 
2024/1/30, 73, 25, , 2, , 
2024/1/31, 81, 25, , 4, , 
2024/2/1, 87, 25, , 4, , 
2024/2/2, 92, 25, , 3, , 
2024/2/3, 86, 25, , 4, , 
2024/2/4, 99, 25, , 4, , 
2024/2/5, 104, 25, , 4, , 
2024/2/6, 103, , , 4, , 
2024/2/7, 106, , , 4, , 
2024/2/8, 105, , , 4, , 
2024/2/9, 93, , , 1, , 
2024/2/10, 85, , , 1, , 
2024/2/11, 85, , , 5, , 
2024/2/12, 90, , , 2, , 
2024/2/13, 83, , , 3, , 
2024/2/14, 87, , , 2, , 
2024/2/15, 76, , , 1, , 
2024/2/16, 83, , , 1, , 
2024/2/17, 84, , , 3, , 
2024/2/18, 88, , , 2, , 
2024/2/19, 80, , , 2, , 
2024/2/20, 73, , , 2, , 
2024/2/21, 75, , , 2, , 
2024/2/22, 76, , , 3, , 
2024/2/23, 75, , , 1, , 
2024/2/24, 64, , , 1, , 
2024/2/25, 75, , , 1, , 
2024/2/26, 84, , , 1, , 
2024/2/27, 79, , , 1, , 
2024/2/28, 71, , , 3, , 
2024/2/29, 81, , , 2, , 
2024/3/1, 82, , , 2, , 
2024/3/2, 86, , , 2, , 
2024/3/3, 88, , , 3, , 
2024/3/4, 88, , , 2, , 
2024/3/5, 88, , , 3, , 
2024/3/6, 92, , , 3, , 
2024/3/7, 112, , , 3, , 
2024/3/8, 125, , , 4, , 
2024/3/9, 87, , , 3, , 
2024/3/10, 95, , , 2, , 
2024/3/11, 104, , , 5, , 
2024/3/12, 97, , , 4, , 
2024/3/13, 92, , , 4, , 
2024/3/14, 81, , , 2, , 
2024/3/15, 79, , , 3, , 
2024/3/16, 81, , , 1, , 
2024/3/17, 71, , , 2, , 
2024/3/18, 72, , , 2, , 
2024/3/19, 67, , , 2, , 
2024/3/20, 78, , , 2, , 
2024/3/21, 73, , , 2, , 
2024/3/22, 83, , , 2, , 
2024/3/23, 76, , , 2, , 
2024/3/24, 82, , , 2, , 
2024/3/25, 75, , , 1, , 
2024/3/26, 65, , , 3, , 
2024/3/27, 66, , , 3, , 
2024/3/28, 69, , , 2, , 
2024/3/29, 66, , , 2, , 
2024/3/30, 60, , , 2, , 
2024/3/31, 71, , , 2, , 
2023/10/1, 77, , , 1, , 
2023/10/2, 71, , , 1, , 
2023/10/3, 59, , , 2, , 
2023/10/4, 58, , , 2, , 
2023/10/5, 57, , , 3, , 
2023/10/6, 63, , , 3, , 
2023/10/7, 56, , , 3, , 
2023/10/8, 67, , , 2, , 
2023/10/9, 57, , , 1, , 
2023/10/10, 50, , , 2, , 
2023/10/11, 51, , , 2, , 
2023/10/12, 52, , , 3, , 
2023/10/13, 55, , , 2, , 
2023/10/14, 55, , , 2, , 
2023/10/15, 55, , , 4, , 
2023/10/16, 52, , , 4, , 
2023/10/17, 52, , , 3, , 
2023/10/18, 56, , , 2, , 
2023/10/19, 55, , , 2, , 
2023/10/20, 57, , , 3, , 
2023/10/21, 67, , , 3, , 
2023/10/22, 64, , , 3, , 
2023/10/23, 63, , , 4, , 
2023/10/24, 60, , , 3, , 
2023/10/25, 54, , , 3, , 
2023/10/26, 58, , , 3, , 
2023/10/27, 53, , , 3, , 
2023/10/28, 55, , , 3, , 
2023/10/29, 56, , , 2, , 
2023/10/30, 53, , , 1, , 
2023/10/31, 57, 26, , 3, , 
2023/11/1, 61, 26, , 2, , 
2023/11/2, 59, 26, , 2, , 
2023/11/3, 55, 26, , 2, , 
2023/11/4, 57, 26, , 2, , 
2023/11/5, 65, 26, , 2, , 
2023/11/6, 59, 26, , 1, , 
2023/11/7, 57, 26, , 2, , 
2023/11/8, 58, 26, , 3, , 
2023/11/9, 56, 26, , 3, , 
2023/11/10, 60, 26, , 4, , 
2023/11/11, 60, 26, , 1, , 
2023/11/12, 61, 26, , 2, , 
2023/11/13, 51, 26, , 2, , 
2023/11/14, 53, 26, , 2, , 
2023/11/15, 57, 26, , 3, , 
2023/11/16, 59, 26, , 1, , 
2023/11/17, 51, 26, , 1, , 
2023/11/18, 50, 26, , 2, , 
2023/11/19, 73, 26, , 2, , 
2023/11/20, 75, 26, , 3, , 
2023/11/21, 80, 26, , 4, , 
2023/11/22, 83, 26, , 4, , 
2023/11/23, 78, 26, , 3, , 
2023/11/24, 69, 26, , 3, , 
2023/11/25, 56, 26, , 1, , 
2023/11/26, 54, 26, , 1, , 
2023/12/14, 78, 25, , 3, , 
2023/12/15, 69, 25, , 1, , 
2023/12/16, 70, 25, , 1, , 
2023/12/17, 68, 25, , 2, , 
2023/12/18, 66, 25, , 3, , 
2023/12/19, 70, 25, , 2, , 
2023/12/20, 70, 25, , 2, , 
2023/12/21, 73, 25, , 2, , 
2023/12/22, 68, 25, , 1, , 
2023/12/23, 71, 25, , 1, , 
2023/12/24, 80, 26, , 2, , 
2023/12/25, 72, 26, , 3, , 
2023/12/26, 82, 25, , 2, , 
2023/12/27, 87, 25, , 3, , 
2023/12/28, 83, 25, , 1, , 
2023/12/29, 73, 25, , 1, , 
2023/12/30, 77, 25, , 1, , 
2023/12/31, 83, 25, , 3, , 
2023/7/1, 45, , , 3, , 
2023/7/2, 42, , , 4, , 
2023/7/3, 41, , , 4, , 
2023/7/4, 47, , , 3, , 
2023/7/5, 46, , , 3, , 
2023/7/6, 37, , , 2, , 
2023/7/7, 36, , , 3, , 
2023/7/8, 34, , , 4, , 
2023/7/9, 41, , , 5, , 
2023/7/10, 38, , , 4, , 
2023/7/11, 45, , , 3, , 
2023/7/12, 45, , , 3, , 
2023/7/13, 47, , , 2, , 
2023/7/14, 48, , , 3, , 
2023/7/15, 51, , , 1, , 
2023/7/16, 51, , , 1, , 
2023/7/17, 49, , , 2, , 
2023/7/18, 45, , , 1, , 
2023/7/19, 37, , , 1, , 
2023/7/20, 48, , , 2, , 
2023/7/21, 43, , , 3, , 
2023/7/22, 39, , , 3, , 
2023/7/23, 50, , , 2, , 
2023/7/24, 51, , , 2, , 
2023/7/25, 53, , , 2, , 
2023/7/26, 48, , , 1, , 
2023/7/27, 45, , , 1, , 
2023/7/28, 46, , , 1, , 
2023/7/29, 45, , , 1, , 
2023/7/30, 44, , , 2, , 
2023/7/31, 40, , , 2, , 
2023/8/1, 42, , , 3, , 
2023/8/2, 48, , , 2, , 
2023/8/3, 38, , , 2, , 
2023/8/4, 41, , , 3, , 
2023/8/5, 44, , , 2, , 
2023/8/6, 37, , , 2, , 
2023/8/7, 45, , , 3, , 
2023/8/8, 46, , , 2, , 
2023/8/9, 30, , , 3, , 
2023/8/10, 32, , , 3, , 
2023/8/11, 33, , , 3, , 
2023/8/12, 37, , , 2, , 
2023/8/13, 59, , , 1, , 
2023/8/14, 57, , , 3, , 
2023/8/15, 53, , , 4, , 
2023/8/16, 55, , , 3, , 
2023/8/17, 55, , , 2, , 
2023/8/18, 52, , , 1, , 
2023/8/19, 59, , , 2, , 
2023/8/20, 72, , , 2, , 
2023/8/21, 57, , , 2, , 
2023/8/22, 57, , , 2, , 
2023/8/23, 55, , , 2, , 
2023/8/24, 51, , , 2, , 
2023/8/25, 50, , , 2, , 
2023/8/26, 58, , , 2, , 
2023/8/27, 59, , , 1, , 
2023/8/28, 52, , , 2, , 
2023/8/29, 56, , , 1, , 
2023/8/30, 56, , , 1, , 
2023/8/31, 53, , , 2, , 
2023/9/1, 51, , , 2, , 
2023/9/2, 55, , , 1, , 
2023/9/3, 54, , , 4, , 
2023/9/4, 54, , , 4, , 
2023/9/5, 57, , , 4, , 
2023/9/6, 60, , , 4, , 
2023/9/7, 58, , , 3, , 
2023/9/8, 58, , , 2, , 
2023/9/9, 56, , , 3, , 
2023/9/10, 65, , , 3, , 
2023/9/11, 57, , , 3, , 
2023/9/12, 65, , , 3, , 
2023/9/13, 79, , , 3, , 
2023/9/14, 68, , , 3, , 
2023/9/15, 48, , , 3, , 
2023/9/16, 52, , , 2, , 
2023/9/17, 59, , , 4, , 
2023/9/18, 62, , , 3, , 
2023/9/19, 64, , , 1, , 
2023/9/20, 56, , , 2, , 
2023/9/21, 60, , , 2, , 
2023/9/22, 55, , , 2, , 
2023/9/23, 48, , , 2, , 
2023/9/24, 56, , , 3, , 
2023/9/25, 48, , , 1, , 
2023/9/26, 49, , , 3, , 
2023/9/27, 56, , , 3, , 
2023/9/28, 57, , , 4, , 
2023/9/29, 83, , , 3, , 
2023/9/30, 70, , , 3, , 
2023/4/1, 60, , 5, 2, , 
2023/4/2, 70, , 3, 2, , 
2023/4/3, 65, , 4, 2, , 
2023/4/4, 47, , 4, 2, , 
2023/4/5, 58, , 9, 1, , 
2023/4/6, 67, , 10, 2, , 
2023/4/7, 72, , 10, 2, , 
2023/4/8, 68, , 11, , , 
2023/4/9, 51, , 9, 2, , 
2023/4/10, 58, , 11, 3, , 
2023/4/11, 63, , 10, 2, , 
2023/4/12, 75, , 8, 3, , 
2023/4/13, 78, , 11, 2, , 
2023/4/14, 118, , 12, 2, , 
2023/4/15, 139, , 14, 3, , 
2023/4/16, 143, , 10, 3, , 
2023/4/17, 127, , 10, 2, , 
2023/4/18, 115, , 7, 2, , 
2023/4/19, 100, , 6, 2, , 
2023/4/20, 89, , 6, 2, , 
2023/4/21, 88, , 8, 2, , 
2023/4/22, 76, , 10, 2, , 
2023/4/23, 63, , 10, 3, , 
2023/4/24, 53, , 9, 3, , 
2023/4/25, 56, , 11, 2, , 
2023/4/26, 56, , 11, 2, , 
2023/4/27, 58, , 12, 3, , 
2023/4/28, 70, , 10, 3, , 
2023/4/29, 64, , 13, 2, , 
2023/4/30, 62, , 10, 2, , 
2023/5/1, 55, , 8, 1, , 
2023/5/2, 48, , 12, 1, , 
2023/5/3, 41, , 8, 2, , 
2023/5/4, 32, , 8, 3, , 
2023/5/5, 35, , 6, 2, , 
2023/5/6, 31, , 7, 2, , 
2023/5/7, 37, , 8, 4, , 
2023/5/8, 27, , 13, 3, , 
2023/5/9, 35, , 8, 4, , 
2023/5/10, 32, , 9, 4, , 
2023/5/11, 48, , 10, 4, , 
2023/5/12, 49, , 8, 3, , 
2023/5/13, 49, , 7, 3, , 
2023/5/14, 46, , 4, 2, , 
2023/5/15, 42, , 4, 2, , 
2023/5/16, 34, , 6, 1, , 
2023/5/17, 30, , 5, 2, , 
2023/5/18, 33, , 4, 3, , 
2023/5/19, 37, , 5, 2, , 
2023/5/20, 45, , 4, 3, , 
2023/5/21, 61, , 4, 5, , 
2023/5/22, 43, , 4, 3, , 
2023/5/23, 49, , 4, 2, , 
2023/5/24, 58, , 4, 1, , 
2023/5/25, 47, , 4, 2, , 
2023/5/26, 37, , 5, 2, , 
2023/5/27, 37, , 6, 3, , 
2023/5/28, 45, , 6, 4, , 
2023/5/29, 43, , , 1, , 
2023/5/30, 31, , , 3, , 
2023/5/31, 40, , , 3, , 
2023/6/1, 39, , , 2, , 
2023/6/2, 30, , , 2, , 
2023/6/3, 32, , , 3, , 
2023/6/4, 39, , , 1, , 
2023/6/5, 38, , , 2, , 
2023/6/6, 39, , , 4, , 
2023/6/7, 39, , , 4, , 
2023/6/8, 47, , , 3, , 
2023/6/9, 44, , , 2, , 
2023/6/10, 40, , , 2, , 
2023/6/11, 36, , , 2, , 
2023/6/12, 33, , , 4, , 
2023/6/13, 53, , , 2, , 
2023/6/14, 38, , , 2, , 
2023/6/15, 37, , , 2, , 
2023/6/16, 38, , , 3, , 
2023/6/17, 39, , , 2, , 
2023/6/18, 51, , , 4, , 
2023/6/19, 48, , , 4, , 
2023/6/20, 53, , , 3, , 
2023/6/21, 52, , , 2, , 
2023/6/22, 52, , , 2, , 
2023/6/23, 43, , , 1, , 
2023/6/24, 45, , , 2, , 
2023/6/25, 42, , , 2, , 
2023/6/26, 35, , , 3, , 
2023/6/27, 30, , , 2, , 
2023/6/28, 27, , , 2, , 
2023/6/29, 28, , , 2, , 
2023/6/30, 28, , , 2, , 
2023/1/2, 64, 31, 10, 2, , 
2023/1/3, 61, 31, 10, , , 
2023/1/4, 64, 37, 14, 1, , 
2023/1/5, 69, 32, 13, 3, , 
2023/1/6, 61, 28, 8, 1, , 
2023/1/7, 52, 30, 11, 1, , 
2023/1/8, 57, 40, 12, 3, , 
2023/1/9, 75, 44, 9, 4, , 
2023/1/10, 84, 33, 7, 3, , 
2023/1/11, 70, 37, 7, 4, , 
2023/1/12, 75, 30, 5, 4, , 
2023/1/13, 66, 29, 6, 3, , 
2023/1/14, 60, 32, 4, 2, , 
2023/1/15, 60, 26, 6, 3, , 
2023/1/16, 51, 32, 8, 6, , 
2023/1/17, 62, 34, 7, 4, , 
2023/1/18, 61, 36, 10, 2, , 
2023/1/19, 66, 37, 14, 1, , 
2023/1/20, 69, 39, 12, 1, , 
2023/1/21, 71, 40, 12, 3, , 
2023/1/22, 82, 41, 14, 2, , 
2023/1/23, 81, 37, 8, 3, , 
2023/1/24, 72, 28, 6, 2, , 
2023/1/25, 52, 26, 8, 3, , 
2023/1/26, 48, 45, 11, 1, , 
2023/1/27, 85, 46, 12, 1, , 
2023/1/28, 91, 39, 9, 1, , 
2023/1/29, 78, 49, 12, 1, 1, 
2023/1/30, 89, 47, 12, 1, , 
2023/1/31, 88, 47, 11, 3, , 
2023/2/1, 92, 36, 8, 2, , 
2023/2/2, 73, 33, 7, 1, , 
2023/2/3, 69, 25, 4, 1, , 
2023/2/4, 46, 31, 4, 2, , 
2023/2/5, 55, 28, 4, 2, , 
2023/2/6, 54, 27, 5, 2, , 
2023/2/7, 47, 30, 5, 2, 1, 
2023/2/8, 59, 26, 4, 1, , 
2023/2/9, 52, 26, 4, 1, 4, 
2023/2/10, 53, 27, 6, 1, 10, 
2023/2/11, 58, 31, 4, 2, 12, 
2023/2/12, 56, 34, 8, 4, 13, 
2023/2/13, 70, 34, 8, 3, 16, 
2023/2/14, 57, 29, 5, 1, 20, 
2023/2/15, 45, 31, 6, 1, 22, 
2023/2/16, 43, 41, 7, 3, 25, 
2023/2/17, 59, 36, 7, 2, 28, 
2023/2/18, 62, 34, 7, 2, 29, 
2023/2/19, 66, 32, 6, 2, 32, 
2023/2/20, 60, 31, 6, 2, 34, 
2023/2/21, 53, 40, 7, 3, 37, 
2023/2/22, 68, 42, 8, 4, 37, 
2023/2/23, 70, 50, 9, 2, , 
2023/2/24, 91, 43, 9, 2, , 
2023/2/25, 74, 51, 9, 1, , 
2023/2/26, 79, 55, 11, 2, , 
2023/2/27, 106, 52, 11, 2, , 
2023/2/28, 99, 53, 13, 3, , 
2023/3/1, 108, 48, 9, 2, , 
2023/3/2, 100, 33, 4, 2, , 
2023/3/3, 56, 38, 7, 1, , 
2023/3/4, 68, 49, 8, 2, , 
2023/3/5, 80, 49, 10, 1, , 
2023/3/6, 78, , 9, 3, , 
2023/3/7, 79, , 8, 3, , 
2023/3/8, 74, , 7, 1, , 
2023/3/9, 78, , 9, 3, , 
2023/3/10, 82, , 8, 3, , 
2023/3/11, 77, , 8, 2, , 
2023/3/12, 99, , 9, 1, , 
2023/3/13, 95, , 9, 2, , 
2023/3/14, 72, , 9, 2, , 
2023/3/15, 85, , 8, 2, , 
2023/3/16, 69, , 6, 1, , 
2023/3/17, 55, , 6, 2, , 
2023/3/18, 61, , 5, 1, , 
2023/3/19, 60, , 5, 2, , 
2023/3/20, 59, , 4, 1, , 
2023/3/21, 56, , 5, 3, , 
2023/3/22, 57, , 5, 1, , 
2023/3/23, 71, , 4, 1, , 
2023/3/24, 53, , 5, 1, , 
2023/3/25, 49, , 6, 2, , 
2023/3/26, 64, , 6, 2, , 
2023/3/27, 64, , 6, 1, , 
2023/3/28, 62, , 5, 2, , 
2023/3/29, 50, , 5, 2, , 
2023/3/30, 45, , 6, 2, , 
2023/3/31, 55, , 6, 2, , 
2022/10/1, 38, 37, 2, 2, 1, 
2022/10/2, 57, 30, 1, 3, , 
2022/10/3, 45, 25, 3, 1, 2, 
2022/10/4, 33, 35, 3, 2, 3, 
2022/10/5, 65, 19, 4, 1, , 
2022/10/6, 20, 20, 4, 2, , 
2022/10/7, 33, 23, 4, 2, , 
2022/10/8, 34, 28, 3, 3, , 
2022/10/9, 48, 26, 3, 3, , 
2022/10/10, 41, 26, 2, 2, , 
2022/10/11, 36, 25, 3, 1, , 
2022/10/12, 37, 23, 2, 1, , 
2022/10/13, 38, 20, 5, 2, , 
2022/10/14, 33, 19, 2, 2, , 
2022/10/15, 27, 18, 3, 1, , 
2022/10/16, 23, 21, 2, 3, , 
2022/10/17, 32, 18, 2, 3, , 
2022/10/18, 29, 19, 2, 4, , 
2022/10/19, 30, 24, 3, 2, , 
2022/10/20, 34, 23, 3, 2, , 
2022/10/21, 35, 25, 2, 2, , 
2022/10/22, 36, 22, 3, 1, , 
2022/10/23, 34, 22, 3, 2, , 
2022/10/24, 32, 22, 3, 2, , 
2022/10/25, 34, 23, 4, 2, , 
2022/10/26, 37, 25, 3, 2, 28, 
2022/10/27, 42, 27, 5, 3, , 
2022/10/28, 53, 28, 5, 3, , 
2022/10/29, 49, 28, 5, 2, , 
2022/10/30, 50, 27, 4, 5, , 
2022/10/31, 52, 37, 8, 3, , 
2022/11/1, 71, 41, 10, 5, , 
2022/11/2, 74, 37, 8, 5, , 
2022/11/3, 61, 31, 9, 2, 46, 
2022/11/4, 59, 31, 5, 4, , 
2022/11/5, 57, 25, 4, 2, , 
2022/11/6, 49, 21, 4, 2, , 
2022/11/7, 32, 23, 5, 2, , 
2022/11/8, 39, 29, 9, 3, , 
2022/11/9, 50, 39, 9, 5, , 
2022/11/10, 71, 34, 7, 2, , 
2022/11/11, 64, 29, 6, 2, , 
2022/11/12, 60, 31, 6, 2, , 
2022/11/13, 61, 23, 4, 1, , 
2022/11/14, 42, 20, 3, 2, , 
2022/11/15, 38, 21, 4, 2, , 
2022/11/16, 33, 23, 4, 3, , 
2022/11/17, 35, 22, 4, 3, , 
2022/11/18, 34, 21, 4, 2, , 
2022/11/19, 37, 27, 3, 2, , 
2022/11/20, 34, 21, 3, 3, , 
2022/11/26, 46, 37, 5, 3, , 
2022/11/27, 57, 29, 3, 2, , 
2022/11/28, 40, 24, 5, 1, , 
2022/11/29, 47, 23, 4, 2, , 
2022/11/30, 41, 23, 4, 3, , 
2022/12/1, 45, 25, 5, 3, , 
2022/12/2, 47, 24, 4, 3, , 
2022/12/3, 46, 20, 4, , , 
2022/12/4, 33, 18, 4, 3, , 
2022/12/5, 29, 21, 4, 2, , 
2022/12/6, 36, 25, 4, 1, , 
2022/12/7, 39, 24, 4, 2, , 
2022/12/8, 39, , 5, 5, , 
2022/12/9, 40, , 7, 4, , 
2022/12/10, 54, , 7, 4, , 
2022/12/11, 63, , 6, 2, , 
2022/12/12, 50, , 8, 1, , 
2022/12/13, 48, , 9, 1, , 
2022/12/14, 56, , 9, 2, , 
2022/12/15, 60, , 8, 2, , 
2022/12/16, 65, 34, 7, 3, , 
2022/12/17, 63, 22, 8, 1, , 
2022/12/18, 45, 28, 9, 2, , 
2022/12/19, 50, 33, 10, 2, , 
2022/12/20, 55, 38, 16, 2, , 
2022/12/21, 68, 41, 13, 5, , 
2022/12/22, 76, 36, 11, 2, , 
2022/12/23, 70, 34, 11, 2, , 
2022/12/24, 62, 45, 10, 2, , 
2022/12/25, 77, 36, 9, 1, , 
2022/12/26, 63, 36, 9, 3, , 
2022/12/27, 67, 36, 8, 3, , 
2022/12/28, 71, 34, 8, 4, , 
2022/12/29, 65, 40, 11, 3, , 
2022/12/30, 74, 37, 9, 2, , 
2022/12/31, 72, 37, 10, 2, , 
2023/1/1, 71, 33, 13, , , 
2022/7/1, 41, 23, 8, 2, , 
2022/7/2, 32, 28, 9, 3, , 
2022/7/3, 46, 28, 6, 4, , 
2022/7/4, 49, 31, 8, 3, , 
2022/7/5, 46, 28, 2, 4, , 
2022/7/6, 48, 36, 3, 3, , 
2022/7/7, 45, 42, 4, 2, , 
2022/7/8, 54, 34, 3, 2, , 
2022/7/9, 51, 40, 4, 1, , 
2022/7/10, 50, 35, 3, 1, , 
2022/7/11, 44, 26, 4, 3, , 
2022/7/12, 43, 30, 3, 2, , 
2022/7/13, 41, 32, 5, 1, , 
2022/7/14, 44, 40, 3, 2, , 
2022/7/15, 47, 30, 4, 2, , 
2022/7/16, 43, 36, 3, 3, , 
2022/7/17, 58, 31, 4, 2, , 
2022/7/18, 44, 28, 2, 1, , 
2022/7/19, 38, 35, 2, 3, , 
2022/7/20, 44, 34, 3, 2, , 
2022/7/21, 45, 23, 4, 3, , 
2022/7/22, 30, 22, 4, 2, , 
2022/7/23, 26, 26, 5, 3, , 
2022/7/24, 41, 21, 4, 1, , 
2022/7/25, 26, 21, 5, 2, , 
2022/7/26, 37, 21, 4, 2, , 
2022/7/27, 38, 24, 7, 1, , 
2022/7/28, 45, 25, 6, 1, , 
2022/7/29, 48, 24, 4, 2, , 
2022/7/30, 36, 26, 5, 2, , 
2022/7/31, 38, 22, 4, 4, , 
2022/8/1, 32, 22, 4, 4, 42, 
2022/8/2, 35, 27, 5, 3, , 
2022/8/3, 37, 22, 15, 3, 51, 
2022/8/4, 39, 29, 5, 3, , 
2022/8/5, 48, 29, 5, 1, , 
2022/8/6, 42, 28, 6, 2, , 
2022/8/7, 47, 27, 2, 2, , 
2022/8/8, 56, 27, 3, 2, , 
2022/8/9, 41, 25, 3, 1, , 
2022/8/10, 34, 27, 3, 2, , 
2022/8/11, 37, 24, 3, 1, , 
2022/8/12, 35, 25, 4, 1, , 
2022/8/13, 39, 29, 5, 1, , 
2022/8/14, 48, 25, 3, 2, , 
2022/8/15, 40, 22, 3, 3, , 
2022/8/16, 32, 20, 3, 3, , 
2022/8/17, 32, , 2, 1, , 
2022/8/18, 33, , 3, 1, , 
2022/8/19, 28, 20, 2, 1, , 
2022/8/20, 32, 24, 3, 1, , 
2022/8/21, 37, 19, 3, 2, , 
2022/8/22, 24, 24, 2, 2, , 
2022/8/23, 37, 24, 2, 1, , 
2022/8/24, 42, 25, 2, 2, , 
2022/8/25, 40, 22, 2, 2, , 
2022/8/26, 34, 22, 3, 2, , 
2022/8/27, 26, 20, 4, 1, , 
2022/8/28, 34, 26, 3, 2, , 
2022/8/29, 39, 22, 3, 2, , 
2022/8/30, 35, 23, 3, 2, , 
2022/8/31, 36, 20, 3, 1, , 
2022/9/1, 29, 18, 2, 2, , 
2022/9/2, 27, 23, 3, 1, , 
2022/9/3, 32, 30, 4, 1, , 
2022/9/4, 42, 26, 3, 2, , 
2022/9/5, 39, 26, 3, 2, , 
2022/9/6, 37, 25, 3, 1, , 
2022/9/7, 37, 26, 4, 2, , 
2022/9/8, 36, 29, 3, 2, , 
2022/9/9, 45, 28, 4, 2, , 
2022/9/10, 43, 33, 3, 1, , 
2022/9/11, 54, 28, 2, 2, , 
2022/9/12, 44, 26, 3, 1, , 
2022/9/13, 37, 27, 2, 1, , 
2022/9/14, 38, 29, 2, 2, , 
2022/9/15, 41, 25, 2, 1, , 
2022/9/16, 35, 26, 3, 1, , 
2022/9/17, 34, 31, 2, 1, , 
2022/9/18, 46, 25, 2, 2, , 
2022/9/19, 35, 24, 2, 2, , 
2022/9/20, 35, 25, 2, 1, , 
2022/9/21, 39, 24, 2, 2, , 
2022/9/22, 36, 23, 2, 2, , 
2022/9/23, 35, 23, 3, 2, , 
2022/9/24, 38, 30, 3, 2, , 
2022/9/25, 54, 33, 3, 4, 1, 
2022/9/26, 58, 29, 2, 2, , 
2022/9/27, 43, 26, 3, 1, , 
2022/9/28, 39, 25, 3, 1, , 
2022/9/29, 38, 30, 3, 3, 1, 
2022/9/30, 48, 30, 2, 2, , 
2022/4/1, 53, 28, 13, 5, , 
2022/4/2, 53, 31, 15, 2, , 
2022/4/3, 52, 20, 12, 1, , 
2022/4/4, 27, 19, 7, 2, , 
2022/4/5, 32, 20, 9, 2, , 
2022/4/6, 33, 23, 7, 2, , 
2022/4/7, 37, 25, 8, 3, , 
2022/4/8, 42, 31, 11, 3, , 
2022/4/9, 50, 30, 12, 2, , 
2022/4/10, 51, 48, 12, 4, , 
2022/4/11, 87, 46, 10, 5, , 
2022/4/12, 79, 40, 8, 3, , 
2022/4/13, 75, 35, 8, 3, , 
2022/4/14, 67, 34, 6, 2, , 
2022/4/15, 63, 34, 7, 2, , 
2022/4/16, 56, 42, 8, 3, , 
2022/4/17, 71, 33, 10, 2, , 
2022/4/18, 63, 30, 10, 2, , 
2022/4/19, 57, 27, 11, 2, , 
2022/4/20, 52, 32, 7, 2, , 
2022/4/21, 57, 26, 8, 2, , 
2022/4/22, 49, 27, 6, 2, , 
2022/4/23, 48, 25, 8, 2, , 
2022/4/24, 45, 22, 4, 2, , 
2022/4/25, 37, 22, 6, 2, , 
2022/4/26, 34, 23, 6, 2, , 
2022/4/27, 37, 24, 4, 3, , 
2022/4/28, 43, 26, 6, 3, , 
2022/4/29, 41, 26, 7, 3, , 
2022/4/30, 48, 33, 5, 4, , 
2022/5/1, 61, 26, 6, 4, , 
2022/5/2, 44, 24, 7, 3, , 
2022/5/3, 41, 22, 11, 2, , 
2022/5/4, 36, 21, 10, 2, , 
2022/5/5, 33, 22, 7, 2, , 
2022/5/6, 35, 23, 9, 1, , 
2022/5/7, 46, 27, 10, 3, , 
2022/5/8, 48, 23, 5, 3, , 
2022/5/9, 39, 30, 11, 3, , 
2022/5/10, 53, 29, 7, 4, , 
2022/5/11, 50, 37, 6, 4, 1, 
2022/5/12, 54, 33, 5, 3, , 
2022/5/13, 53, 24, 6, 3, , 
2022/5/14, 36, 24, 6, 2, , 
2022/5/15, 47, 18, 5, 2, , 
2022/5/16, 22, 24, 5, 3, , 
2022/5/17, 30, 23, 6, 3, , 
2022/5/18, 34, 29, 5, 2, , 
2022/5/19, 42, 27, 4, 2, , 
2022/5/20, 35, 39, 3, 2, , 
2022/5/21, 49, 43, 4, 1, , 
2022/5/22, 51, 28, 3, 2, , 
2022/5/23, 34, 25, 6, 3, , 
2022/5/24, 44, 22, 3, 2, , 
2022/5/25, 31, 26, 3, 1, , 
2022/5/26, 34, 29, 4, 2, , 
2022/5/27, 42, 32, 6, 1, , 
2022/5/28, 46, 27, 5, 1, , 
2022/5/29, 37, 29, 5, 3, , 
2022/5/30, 46, 26, 6, 3, , 
2022/5/31, 41, 20, 7, 2, , 
2022/6/1, 30, 21, 5, 4, , 
2022/6/2, 28, 24, 6, 2, , 
2022/6/3, 29, 23, 4, 4, , 
2022/6/4, 34, 31, 4, 5, , 
2022/6/5, 53, 24, 5, 4, , 
2022/6/6, 30, 25, 5, 4, , 
2022/6/7, 38, 23, 4, 3, , 
2022/6/8, 34, 22, 3, 2, , 
2022/6/9, 33, 19, 4, 2, , 
2022/6/10, 28, 22, 4, 2, , 
2022/6/11, 39, 28, 4, 2, , 
2022/6/12, 47, 26, 4, 2, , 
2022/6/13, 37, 24, 9, 7, 17, 
2022/6/14, 34, 24, 5, 3, , 
2022/6/15, 39, 23, 7, 4, , 
2022/6/16, 39, 23, 8, 3, , 
2022/6/17, 37, 24, 7, 3, , 
2022/6/18, 39, 26, 6, 2, , 
2022/6/19, 42, 21, 5, 2, , 
2022/6/20, 31, 24, 4, 2, , 
2022/6/21, 29, 19, 6, 2, , 
2022/6/22, 28, 19, 7, 2, , 
2022/6/23, 25, 20, 5, 3, , 
2022/6/24, 22, 26, 6, 2, , 
2022/6/25, 35, 27, 7, 2, , 
2022/6/26, 41, 23, 9, 3, , 
2022/6/27, 37, 22, 7, 3, , 
2022/6/28, 30, 27, 7, 2, , 
2022/6/29, 41, 33, 8, 1, , 
2022/6/30, 48, 26, 6, 2, , 
2022/1/3, 53, 28, 9, 1, , 
2022/1/4, 50, 34, 9, 2, , 
2022/1/5, 60, 36, 12, 1, , 
2022/1/6, 67, 30, 8, , , 
2022/1/7, 58, 28, 8, 1, , 
2022/1/8, 51, 33, 7, 1, , 
2022/1/9, 62, 36, 9, 1, , 
2022/1/10, 65, 33, 9, , , 
2022/1/11, 64, 31, 8, , , 
2022/1/12, 50, 37, 9, 1, , 
2022/1/13, 55, 39, 11, 1, , 
2022/1/14, 58, 39, 10, , , 
2022/1/15, 59, 34, 8, 1, , 
2022/1/16, 55, 34, 10, 1, , 
2022/1/17, 60, 39, 11, 1, 3, 
2022/1/18, 65, 41, 9, 2, , 
2022/1/19, 70, 37, 10, 3, , 
2022/1/20, 61, 33, 9, 3, , 
2022/1/21, 54, 32, 9, 3, , 
2022/1/22, 53, 31, 8, 3, , 
2022/1/23, 60, 28, 9, 2, , 
2022/1/24, 53, 31, 9, 3, 1, 
2022/1/25, 58, 33, 9, 2, 1, 
2022/1/26, 57, 36, 3, 2, , 
2022/1/27, 65, 39, , 3, , 
2022/1/28, 69, 36, 8, 3, , 
2022/1/29, 68, 31, 7, 2, , 
2022/1/30, 60, 33, 8, 3, , 
2022/1/31, 63, 35, 11, 2, , 
2022/2/1, 67, 27, 7, 3, , 
2022/2/2, 48, 24, 6, 2, , 
2022/2/3, 46, 31, 5, 1, , 
2022/2/4, 53, 31, 5, 1, , 
2022/2/5, 49, 36, 7, 1, , 
2022/2/6, 53, 33, 9, 2, , 
2022/2/7, 56, 28, 10, 3, 5, 
2022/2/8, 49, 30, 7, 2, , 
2022/2/9, 57, 31, 6, 2, , 
2022/2/10, 57, 30, 6, 1, , 
2022/2/11, 55, 30, 7, 2, , 
2022/2/12, 50, 29, 8, 1, , 
2022/2/13, 51, 22, 6, 1, , 
2022/2/14, 34, 21, 5, 1, , 
2022/2/15, 32, 22, 7, 2, , 
2022/2/16, 38, 22, 4, 3, , 
2022/2/17, 34, 25, 7, 2, , 
2022/2/18, 39, 27, 7, 2, , 
2022/2/19, 47, 27, 6, 2, , 
2022/2/20, 47, 23, 6, 2, , 
2022/2/21, 36, 27, 6, 2, , 
2022/2/22, 47, 27, 8, 2, , 
2022/2/23, 41, 25, 9, 2, , 
2022/2/24, 50, 33, 10, 1, , 
2022/2/25, 65, 34, 10, 1, , 
2022/2/26, 63, 28, 6, 1, , 
2022/2/27, 47, 29, 5, 1, , 
2022/2/28, 47, 30, 24, 1, 12, 
2022/3/1, 54, 31, 7, 13, 8, 
2022/3/2, 51, 28, 8, 1, , 
2022/3/3, 50, 27, 8, 2, 1, 
2022/3/4, 49, 25, 9, 3, , 
2022/3/5, 46, 30, 10, 2, , 
2022/3/6, 52, 28, 8, 2, 1, 
2022/3/7, 52, 25, 6, 1, 1, 
2022/3/8, 44, 25, 8, 2, 1, 
2022/3/9, 40, 36, 11, 2, 1, 
2022/3/10, 61, 39, 15, 3, 1, 
2022/3/11, 68, 41, 14, 3, 1, 
2022/3/12, 76, 42, 16, 3, 1, 
2022/3/13, 82, 38, 10, 3, 1, 
2022/3/14, 71, 23, 8, 2, 1, 
2022/3/15, 38, 26, 9, 3, 1, 
2022/3/16, 49, 27, 9, 3, , 
2022/3/17, 54, 24, 8, 3, , 
2022/3/18, 38, 24, 6, 4, , 
2022/3/19, 38, 27, 8, 3, , 
2022/3/20, 39, 24, 7, 3, , 
2022/3/21, 31, 29, 7, 3, , 
2022/3/22, 46, 33, 7, 2, , 
2022/3/23, 61, 27, 7, 2, , 
2022/3/24, 52, 23, 7, 2, , 
2022/3/25, 43, 24, 7, 2, , 
2022/3/26, 41, 28, 6, 2, , 
2022/3/27, 49, 29, 4, 2, , 
2022/3/28, 54, 34, 9, 3, , 
2022/3/29, 64, 28, 8, 3, 1, 
2022/3/30, 52, 28, 6, 3, , 
2022/3/31, 52, 32, 8, 3, , 
2021/10/1, 50, 22, 7, 4, , 
2021/10/2, 54, 22, 7, 3, , 
2021/10/3, 49, 20, 5, 2, , 
2021/10/4, 49, 21, 4, 2, , 
2021/10/5, 48, 21, 4, 2, , 
2021/10/6, 50, 25, 5, 2, , 
2021/10/7, 55, 23, 5, 2, , 
2021/10/8, 49, 24, 5, 2, , 
2021/10/9, 47, 28, 5, 1, , 
2021/10/10, 50, 33, 5, 2, , 
2021/10/11, 92, 29, 5, 2, 1, 
2021/10/12, 52, 32, 6, 2, , 
2021/10/13, 59, 35, 6, 3, , 
2021/10/14, 62, 50, 7, 3, 2, 
2021/10/15, 89, 31, 7, 3, , 
2021/10/16, 63, 27, 5, 1, , 
2021/10/17, 58, 28, 5, 3, , 
2021/10/18, 64, 23, 10, 2, , 
2021/10/19, 58, 19, 6, 3, , 
2021/10/20, 54, 19, 4, 4, , 
2021/10/21, 49, 21, 4, 2, , 
2021/10/22, 51, 24, 4, 3, , 
2021/10/23, 55, 26, 6, 3, , 
2021/10/24, 57, 19, 6, 2, , 
2021/10/25, 48, 23, 9, 2, , 
2021/10/26, 57, 23, 8, 2, , 
2021/10/27, 53, 30, 13, 3, , 
2021/10/28, 67, 30, 14, 3, , 
2021/10/29, 71, 20, 8, 3, , 
2021/10/30, 56, 23, 5, 4, , 
2021/10/31, 54, 21, 164, 3, , 
2021/11/1, 52, 21, 5, 3, 7, 
2021/11/2, 41, 25, 7, 2, 6, 
2021/11/3, 38, 25, 7, 1, , 
2021/11/4, 47, 21, 6, 2, , 
2021/11/5, 35, 19, 5, , , 
2021/11/6, 30, 21, 6, 1, 1, 
2021/11/7, 33, 20, 5, 1, , 
2021/11/8, 30, 23, 5, 1, , 
2021/11/9, 38, 26, 5, 2, , 
2021/11/10, 42, 19, 5, 2, , 
2021/11/11, 26, 23, 5, 4, , 
2021/11/12, 41, 20, 5, 2, , 
2021/11/13, 32, 26, 6, 3, , 
2021/11/14, 44, 21, 4, 2, , 
2021/11/15, 28, 24, 4, 2, 1, 
2021/11/16, 35, 20, 5, 2, , 
2021/11/17, 28, 17, 4, 2, , 
2021/11/18, 24, 20, 6, 2, , 
2021/11/19, 23, 19, 5, 1, , 
2021/11/20, 22, 24, 5, 1, 1, 
2021/11/21, 37, 26, 7, 2, 1, 
2021/11/22, 41, 22, 5, 1, 1, 
2021/11/23, 35, 21, 6, 1, 3, 
2021/11/24, 26, 17, 6, 1, , 
2021/11/25, 26, 19, 7, 2, 1, 
2021/11/26, 27, 26, 13, , , 
2021/11/27, 49, 42, 16, , , 
2021/11/28, 74, 36, 12, 4, , 
2021/11/29, 67, 19, 9, 3, , 
2021/11/30, 45, 20, 7, 2, , 
2021/12/1, 31, 22, 9, 1, 1, 
2021/12/2, 33, 31, 14, , 1, 
2021/12/3, 61, 32, 13, , 1, 
2021/12/4, 59, 41, 16, , 1, 
2021/12/5, 69, 41, 13, 4, 1, 
2021/12/6, 66, 30, 11, 1, , 
2021/12/7, 52, 30, 12, , , 
2021/12/8, 54, 32, 13, 1, , 
2021/12/9, 58, 29, 10, 1, , 
2021/12/10, 52, 30, 10, 1, , 
2021/12/11, 64, 34, 10, 1, , 
2021/12/12, 54, 30, 10, , , 
2021/12/13, 54, 31, 15, , , 
2021/12/14, 48, 42, 17, 1, , 
2021/12/15, 74, 40, 14, 2, 3, 
2021/12/16, 73, 43, 11, 3, 1, 
2021/12/17, 81, 38, 14, 2, 1, 
2021/12/18, 73, 31, 11, , 1, 
2021/12/19, 54, 38, 17, 2, 1, 
2021/12/20, 66, 34, 14, 2, , 
2021/12/21, 79, 51, 15, 3, 1, 
2021/12/22, 101, 45, 13, 3, , 
2021/12/23, 83, 38, 10, 2, 1, 
2021/12/24, 73, 24, 8, 2, , 
2021/12/25, 45, 31, 6, 1, , 
2021/12/26, 51, 31, 7, 1, , 
2021/12/27, 55, 29, 10, 1, , 
2021/12/28, 57, 27, 7, 1, , 
2021/12/29, 46, 22, 7, , , 
2021/12/30, 37, 30, 9, 1, , 
2021/12/31, 50, 34, 11, , , 
2022/1/1, 54, 31, 10, , , 
2022/1/2, 56, 30, 12, , , 
2021/7/1, 56, 25, 6, 4, , 
2021/7/2, 52, 20, 5, 3, , 
2021/7/3, 44, 22, 3, 3, , 
2021/7/4, 47, 21, 3, 3, , 
2021/7/5, 46, 25, 7, 3, , 
2021/7/6, 51, 30, 6, 3, , 
2021/7/7, 53, 26, 3, 6, , 
2021/7/8, 55, 24, 4, 4, , 
2021/7/9, 49, 20, 6, 2, , 
2021/7/10, 43, 23, 5, 5, , 
2021/7/11, 49, 31, 6, 5, , 
2021/7/12, 54, 37, 7, 4, , 
2021/7/13, 65, 29, 6, 3, , 
2021/7/14, 57, 22, 7, 3, , 
2021/7/15, 54, 24, 2, 4, , 
2021/7/16, 48, 32, 12, 3, , 
2021/7/17, 64, 37, 6, 3, , 
2021/7/18, 67, 35, 5, 4, , 
2021/7/19, 66, 36, 6, 3, , 
2021/7/20, 65, 33, 6, 2, , 
2021/7/21, 57, 30, 8, 2, , 
2021/7/22, 60, 32, 5, 3, , 
2021/7/23, 60, 32, 6, 1, , 
2021/7/24, 57, 28, 6, 1, , 
2021/7/25, 51, 25, 6, 1, , 
2021/7/26, 49, 28, 5, 1, , 
2021/7/27, 52, 26, 5, 2, , 
2021/7/28, 47, 29, 6, 2, , 
2021/7/29, 50, 26, 7, 3, , 
2021/7/30, 53, 28, 6, 1, , 
2021/7/31, 53, 29, 6, 1, , 
2021/8/1, 54, 27, 6, 2, , 
2021/8/2, 52, 25, 5, 2, , 
2021/8/3, 53, 29, 7, 1, 1, 
2021/8/4, 52, 34, 5, 2, , 
2021/8/5, 54, 33, 7, 2, , 
2021/8/6, 58, 27, 5, 2, 15, 
2021/8/7, 52, 24, 4, 2, 42, 
2021/8/8, 49, 23, 3, 2, 30, 
2021/8/9, 48, 19, 3, 3, 38, 
2021/8/10, 45, 28, 6, 2, 4, 
2021/8/11, 53, 25, 5, 2, 16, 
2021/8/12, 74, 25, 5, 3, 1, 
2021/8/13, 50, 23, 6, 2, 2, 
2021/8/14, 47, 18, 5, 3, 4, 
2021/8/15, 46, 22, 6, 3, 2, 
2021/8/16, 53, 22, 6, 2, 2, 
2021/8/17, 54, 23, 5, 2, 3, 
2021/8/18, 52, 23, 5, 2, 2, 
2021/8/19, 53, 23, 4, 3, , 
2021/8/20, 50, 21, 5, 3, , 
2021/8/21, 46, 20, 4, 3, , 
2021/8/22, 47, 19, 4, 3, 1, 
2021/8/23, 44, 19, 3, 3, , 
2021/8/24, 51, 22, 4, 2, , 
2021/8/25, 50, 22, 4, 3, , 
2021/8/26, 51, 27, 5, 3, 4, 
2021/8/27, 54, 29, 6, 3, 1, 
2021/8/28, 59, 26, 6, 2, 1, 
2021/8/29, 57, 26, 5, 3, , 
2021/8/30, 61, 20, 5, 4, 7, 
2021/8/31, 50, 20, 5, 3, 24, 
2021/9/1, 49, 21, 4, 2, 6, 
2021/9/2, 53, 27, 5, 3, 5, 
2021/9/3, 55, 24, 6, 3, 6, 
2021/9/4, 55, 27, 3, 2, 8, 
2021/9/5, 56, 28, 5, 2, 3, 
2021/9/6, 60, 26, 4, 2, 5, 
2021/9/7, 59, 23, 4, 2, 5, 
2021/9/8, 50, 26, 4, 2, , 
2021/9/9, 56, 26, 5, 1, 1, 
2021/9/10, 52, 26, 4, 3, , 
2021/9/11, 53, 23, 5, 2, , 
2021/9/12, 49, 31, 5, 2, , 
2021/9/13, 57, 27, 6, 3, , 
2021/9/14, 56, 27, 3, 5, , 
2021/9/15, 59, 26, 5, 3, , 
2021/9/16, 56, 26, 5, 2, 8, 
2021/9/17, 55, 26, 6, 2, 1, 
2021/9/18, 58, 19, 4, 2, , 
2021/9/19, 46, 18, 3, 3, , 
2021/9/20, 47, 22, 5, 3, , 
2021/9/21, 47, 26, 3, 2, , 
2021/9/22, 52, 29, 4, 3, , 
2021/9/23, 58, 27, 6, 2, , 
2021/9/24, 59, 22, 3, 3, , 
2021/9/25, 49, 18, 3, 3, , 
2021/9/26, 47, 19, 3, 3, , 
2021/9/27, 46, 23, 5, 4, , 
2021/9/28, 46, 22, 5, 3, , 
2021/9/29, 48, 20, 5, 2, , 
2021/9/30, 42, 20, 7, 4, , 
2021/4/1, 49, 28, 6, 5, , 
2021/4/2, 57, 33, 6, 5, , 
2021/4/3, 66, 36, 6, 4, , 
2021/4/4, 76, 45, 7, 6, , 
2021/4/5, 85, 33, 8, 4, , 
2021/4/6, 71, 27, 7, 4, , 
2021/4/7, 53, 33, 9, 5, , 
2021/4/8, 66, 34, 9, 7, , 
2021/4/9, 73, 38, 12, 4, , 
2021/4/10, 83, 37, 11, 2, , 
2021/4/11, 82, 33, 8, 3, , 
2021/4/12, 75, 29, 11, 2, , 
2021/4/13, 71, 23, 11, 4, , 
2021/4/14, 77, 25, 7, 4, , 
2021/4/15, 57, 24, 5, 5, , 
2021/4/16, 55, 20, 6, 2, , 
2021/4/17, 50, 22, 5, 3, , 
2021/4/18, 47, 19, 9, 4, , 
2021/4/19, 39, 23, 8, 4, , 
2021/4/20, 47, 23, 7, 3, , 
2021/4/21, 49, 22, 8, 3, , 
2021/4/22, 48, 21, 3, 3, , 
2021/4/23, 52, 25, 6, 3, , 
2021/4/24, 55, 22, 9, 2, , 
2021/4/25, 50, 23, 6, 3, , 
2021/4/26, 49, 20, 7, 3, , 
2021/4/27, 49, 24, 8, 3, , 
2021/4/28, 53, 25, 8, 3, , 
2021/4/29, 59, 25, 9, 3, , 
2021/4/30, 59, 25, 9, 2, , 
2021/5/1, 58, 24, 8, 1, , 
2021/5/2, 57, 24, 6, 3, , 
2021/5/3, 55, 30, 10, 2, , 
2021/5/4, 67, 33, 9, 2, , 
2021/5/5, 66, 27, 8, 2, , 
2021/5/6, 65, 23, 9, 3, , 
2021/5/7, 55, 22, 8, 2, , 
2021/5/8, 51, 23, 7, 2, , 
2021/5/9, 54, 25, 8, 3, , 
2021/5/10, 58, 26, 10, 3, , 
2021/5/11, 56, 20, 8, 2, , 
2021/5/12, 50, 21, 8, 2, , 
2021/5/13, 50, 24, 10, 3, 1, 
2021/5/14, 66, 23, 8, 2, , 
2021/5/15, 56, 25, 9, 2, , 
2021/5/16, 60, 23, 8, 4, 1, 
2021/5/17, 54, 21, 7, 3, , 
2021/5/18, 50, 26, 7, 3, 23, 
2021/5/19, 47, 25, 6, 3, 18, 
2021/5/20, 50, 21, 7, 1, 20, 
2021/5/21, 48, 28, 5, 2, , 
2021/5/22, 57, 32, 4, 4, , 
2021/5/23, 60, 30, 7, 3, , 
2021/5/24, 59, 32, 6, 3, , 
2021/5/25, 57, 24, 5, 3, , 
2021/5/26, 54, 32, 6, 4, , 
2021/5/27, 61, 22, 6, 5, 1, 
2021/5/28, 53, 25, 9, 3, , 
2021/5/29, 65, 29, 9, 2, , 
2021/5/30, 58, 31, 7, 5, , 
2021/5/31, 61, 29, 7, 3, , 
2021/6/1, 56, 25, 7, 3, , 
2021/6/2, 50, 27, 6, 4, , 
2021/6/3, 58, 28, 6, 4, , 
2021/6/4, 61, 24, 5, 4, , 
2021/6/5, 55, 28, 6, 2, , 
2021/6/6, 58, 34, 6, 2, , 
2021/6/7, 60, 33, 6, 3, , 
2021/6/8, 58, 25, 5, 2, , 
2021/6/9, 51, 26, 5, 3, , 
2021/6/10, 47, 29, 5, 4, , 
2021/6/11, 55, 26, 6, 3, , 
2021/6/12, 53, 24, 7, 2, , 
2021/6/13, 50, 24, 7, 2, , 
2021/6/14, 49, 23, 7, 3, , 
2021/6/15, 63, 24, 7, 3, , 
2021/6/16, 51, 25, 5, 3, , 
2021/6/17, 54, 27, 6, 4, , 
2021/6/18, 56, 27, 5, 4, , 
2021/6/19, 56, 27, 6, 2, , 
2021/6/20, 56, 26, 6, 3, , 
2021/6/21, 54, 23, 7, 4, , 
2021/6/22, 52, 30, 6, 4, , 
2021/6/23, 57, 25, 6, 4, , 
2021/6/24, 55, 21, 6, 3, , 
2021/6/25, 51, 28, 7, 2, , 
2021/6/26, 55, 25, 8, 2, , 
2021/6/27, 53, 30, 7, 3, , 
2021/6/28, 59, 23, 6, 3, , 
2021/6/29, 52, 29, 6, 4, , 
2021/6/30, 58, 28, 6, 4, , 
2021/1/4, 83, 44, 19, 3, , 
2021/1/5, 82, 35, 11, 3, , 
2021/1/6, 64, 43, 8, 4, , 
2021/1/7, 62, 40, 12, 4, , 
2021/1/8, 60, 46, 13, 3, , 
2021/1/9, 73, 39, 16, 2, , 
2021/1/10, 75, 41, 17, 3, , 
2021/1/11, 76, 114, 17, 2, , 
2021/1/12, 141, 50, 23, 2, , 
2021/1/13, 80, 50, 24, 3, , 
2021/1/14, 93, 48, 18, 4, , 
2021/1/15, 91, 48, 15, 3, , 
2021/1/16, 88, 46, 14, 2, , 
2021/1/17, 75, 59, 15, 3, , 
2021/1/18, 96, 48, 22, 2, , 
2021/1/19, 78, 56, 20, 4, , 
2021/1/20, 106, 54, 15, 6, , 
2021/1/21, 95, 51, 12, 6, , 
2021/1/22, 92, 45, 12, 4, , 
2021/1/23, 88, 43, 11, 4, , 
2021/1/24, 85, 37, 9, 4, , 
2021/1/25, 66, 40, 13, 4, , 
2021/1/26, 74, 77, 11, 5, , 
2021/1/27, 100, 39, 7, 4, , 
2021/1/28, 78, 48, 10, 4, , 
2021/1/29, 74, 52, 13, 4, , 
2021/1/30, 78, 53, 17, 2, , 
2021/1/31, 90, 49, 12, 4, , 
2021/2/1, 75, 48, 12, 4, , 
2021/2/2, 76, 50, 12, 4, , 
2021/2/3, 88, 53, 12, 5, , 
2021/2/4, 80, 50, 10, 4, , 
2021/2/5, 71, 42, 8, 3, , 
2021/2/6, 65, 43, 11, 3, , 
2021/2/7, 69, 48, 11, 5, , 
2021/2/8, 76, 38, 7, 4, , 
2021/2/9, 61, 42, 9, 6, , 
2021/2/10, 68, 43, 8, 5, , 
2021/2/11, 66, 38, 8, 4, , 
2021/2/12, 64, 37, 12, 5, , 
2021/2/13, 69, 43, 15, 6, , 
2021/2/14, 82, 43, 13, 7, , 
2021/2/15, 77, 47, 13, 6, , 
2021/2/16, 84, 52, 19, 4, , 
2021/2/17, 100, 50, 17, 4, , 
2021/2/18, 84, 51, 16, 4, , 
2021/2/19, 79, 52, 13, 4, , 
2021/2/20, 81, 49, 15, 3, , 
2021/2/21, 82, 40, 14, 6, , 
2021/2/22, 74, 52, 16, 7, , 
2021/2/23, 101, 53, 16, 7, , 
2021/2/24, 105, 46, 11, 7, , 
2021/2/25, 92, 43, 12, 4, , 
2021/2/26, 90, 50, 13, 5, , 
2021/2/27, 106, 68, 11, 6, , 
2021/2/28, 153, 54, 12, 6, , 
2021/3/1, 114, 43, 11, 5, , 
2021/3/2, 84, 37, 7, 4, , 
2021/3/3, 68, 38, 5, 2, 1, 
2021/3/4, 65, 39, 6, 3, , 
2021/3/5, 65, 35, 7, 2, , 
2021/3/6, 63, 35, 7, 3, , 
2021/3/7, 66, 32, 7, 3, , 
2021/3/8, 60, 39, 10, 4, , 
2021/3/9, 70, 43, 11, 4, , 
2021/3/10, 76, 40, 8, 4, , 
2021/3/11, 68, 38, 9, 4, , 
2021/3/12, 68, 38, 11, 4, , 
2021/3/13, 71, 41, 15, 3, , 
2021/3/14, 76, 41, 10, 4, , 
2021/3/15, 72, 42, 14, 5, , 
2021/3/16, 80, 40, 13, 5, , 
2021/3/17, 78, 50, 17, 6, , 
2021/3/18, 96, 53, 20, 6, , 
2021/3/19, 109, 53, 15, 6, , 
2021/3/20, 110, 48, 14, 4, , 
2021/3/21, 97, 32, 10, 4, , 
2021/3/22, 69, 34, 13, 4, 24, 
2021/3/23, 82, 40, 24, 11, 40, 
2021/3/24, 80, 30, 8, 3, , 
2021/3/25, 64, 35, 9, 4, , 
2021/3/26, 68, 31, 7, 3, , 
2021/3/27, 66, 25, 7, 3, , 
2021/3/28, 57, 24, 7, 5, , 
2021/3/29, 51, 23, 6, 6, , 
2021/3/30, 50, 26, 5, 5, , 
2021/3/31, 52, 25, 7, 5, , 
2020/12/18, 51, 30, 11, 5, , 
2020/12/19, 59, 35, 19, 3, , 
2020/12/20, 65, 38, 20, 3, , 
2020/12/21, 65, 43, 24, 3, , 
2020/12/22, 75, 52, 21, 4, , 
2020/12/23, 94, 41, 20, 3, , 
2020/12/24, 85, 45, 16, 6, , 
2020/12/25, 91, 26, 8, 3, , 
2020/12/26, 54, 26, 8, 2, , 
2020/12/27, 52, 31, 10, 5, , 
2020/12/28, 61, 35, 9, 4, , 
2020/12/29, 68, 31, 10, 4, , 
2020/12/30, 67, 30, 13, 3, , 
2020/12/31, 67, 36, 21, 3, , 
2021/1/1, 74, 36, 22, 1, , 
2021/1/2, 75, 42, 23, 1, , 
2021/1/3, 82, 45, 22, 5, , 
2020/7/1, 73, 34, 8, 4, , 
2020/7/2, 66, 34, 5, 4, , 
2020/7/3, 63, 32, 6, 3, , 
2020/7/4, 60, 33, 11, 4, , 
2020/7/5, 68, 27, 7, 3, , 
2020/7/6, 59, 25, 5, 3, , 
2020/7/7, 54, 26, 4, 4, 3, 
2020/7/8, 52, 168, 12, 5, 13, 
2020/7/9, 154, 24, 5, 3, , 
2020/7/10, 48, 21, 6, 2, , 
2020/7/11, 45, 18, 6, 2, , 
2020/7/12, 44, 25, 5, 4, , 
2020/7/13, 48, 25, 7, 4, , 
2020/7/14, 47, 26, 7, 5, , 
2020/7/15, 50, 26, 6, 4, , 
2020/7/16, 51, 24, 5, 3, , 
2020/7/17, 51, 24, 7, 2, , 
2020/7/18, 46, 23, 7, 3, , 
2020/7/19, 49, 22, 8, 4, , 
2020/7/20, 49, 23, 6, 2, , 
2020/7/21, 50, 24, 6, 4, , 
2020/7/22, 51, 23, 6, 3, , 
2020/7/23, 49, 24, 6, 4, , 
2020/7/24, 51, 22, 7, 3, , 
2020/7/25, 45, 23, 10, 3, , 
2020/7/26, 53, 26, 11, 2, , 
2020/7/27, 58, 25, 9, 3, , 
2020/7/28, 57, 60, 7, 3, , 
2020/7/29, 88, 24, 9, 3, , 
2020/7/30, 49, 26, 8, 3, , 
2020/7/31, 51, 25, 7, 2, , 
2020/8/1, 47, 27, 7, 1, , 
2020/8/2, 50, 30, 6, 1, , 
2020/8/3, 53, 32, 8, 3, , 
2020/8/4, 56, 30, 8, 6, , 
2020/8/5, 63, 34, 8, 5, , 
2020/8/6, 69, 33, 10, 5, , 
2020/8/7, 67, 28, 7, 2, , 
2020/8/8, 53, 26, 8, 1, , 
2020/8/9, 47, 26, 6, 3, , 
2020/8/10, 51, 30, 7, 2, , 
2020/8/11, 54, 23, 6, 2, , 
2020/8/12, 52, 26, 4, 5, , 
2020/8/13, 52, 28, 6, 3, , 
2020/8/14, 53, 32, 9, 5, , 
2020/8/15, 65, 36, 8, 3, , 
2020/8/16, 74, 35, 6, 3, , 
2020/8/17, 64, 35, 6, 4, , 
2020/8/18, 62, 31, 4, 4, , 
2020/8/19, 57, 32, 7, 4, , 
2020/8/20, 64, 60, 5, 3, , 
2020/8/21, 56, 28, 3, 2, , 
2020/8/22, 61, 28, 4, 3, , 
2020/8/23, 58, 28, 4, 3, , 
2020/8/24, 60, 28, 5, 3, , 
2020/8/25, 61, 27, 4, 3, , 
2020/8/26, 55, 24, 4, 4, , 
2020/8/27, 55, 22, 2, 3, , 
2020/8/28, 49, 24, 2, 3, , 
2020/8/29, 52, 26, 3, 3, , 
2020/8/30, 55, 25, 3, 4, , 
2020/8/31, 51, 26, 7, 5, , 
2020/9/1, 55, 34, 5, 6, , 
2020/9/2, 67, 29, 6, 4, , 
2020/9/3, 61, 22, 4, 3, , 
2020/9/4, 47, 23, 5, 4, , 
2020/9/5, 42, 20, 5, 3, , 
2020/9/6, 45, 23, 4, 4, , 
2020/9/7, 45, 20, 3, 5, , 
2020/9/8, 46, 22, 6, 3, , 
2020/9/9, 48, 18, 4, 3, , 
2020/9/10, 45, 22, 4, 4, , 
2020/9/11, 42, 21, 4, 4, , 
2020/9/12, 45, 23, 4, 4, , 
2020/9/13, 47, 25, 4, 5, , 
2020/9/14, 49, 24, 2, 6, , 
2020/9/15, 45, 22, 4, 4, , 
2020/9/16, 43, 25, 5, 2, , 
2020/9/17, 47, 24, 5, 2, , 
2020/9/18, 48, 29, 5, 2, , 
2020/9/19, 86, 29, 3, 5, , 
2020/9/20, 52, 33, 5, 6, , 
2020/9/21, 62, 29, 5, 6, , 
2020/9/22, 57, 27, 5, 5, , 
2020/9/23, 54, , , , , 
2020/9/25, 50, , , , , 
2020/4/1, 62, 27, 12, 1, , 
2020/4/2, 63, 16, 7, 2, , 
2020/4/3, 33, 19, 12, 1, , 
2020/4/4, 39, 20, 11, 2, , 
2020/4/5, 43, 20, 11, 2, , 
2020/4/6, 43, 23, 12, 2, , 
2020/4/7, 50, 60, 12, 2, , 
2020/4/8, 89, 24, 14, 2, , 
2020/4/9, 56, 21, 13, 2, , 
2020/4/10, 54, 15, 12, 1, , 
2020/4/11, 38, 14, 11, 1, , 
2020/4/12, 31, 19, 14, , , 
2020/4/13, 47, 17, 14, 1, 19, 
2020/4/14, 43, 15, 12, 1, , 
2020/4/15, 32, 12, 12, 1, , 
2020/4/16, 27, 11, 10, 1, , 
2020/4/17, 25, 13, 13, , , 
2020/4/18, 66, 13, 11, 1, , 
2020/4/19, 33, 16, 9, 1, , 
2020/4/20, 37, 15, 10, 1, , 
2020/4/21, 36, 14, 9, 1, , 
2020/4/22, 33, 88, 8, 1, , 
2020/4/23, 103, 16, 10, 2, , 
2020/4/24, 35, 13, 9, , , 
2020/4/25, 30, 14, 9, , , 
2020/4/26, 33, 10, 10, 1, , 
2020/4/27, 19, 9, 11, 1, , 
2020/4/28, 16, 13, 11, 1, , 
2020/4/29, 25, 12, 10, 1, , 
2020/4/30, 28, 12, 10, 1, , 
2020/5/1, 30, 13, 8, 1, , 
2020/5/2, 28, 49, 9, 1, , 
2020/5/3, 65, 19, 9, 1, , 
2020/5/4, 26, 20, 9, 2, , 
2020/5/5, 31, 20, 9, 1, , 
2020/5/6, 24, 23, 10, 2, , 
2020/5/7, 32, 21, 9, 2, , 
2020/5/8, 32, 22, 10, 1, , 
2020/5/9, 35, 25, 6, 3, , 
2020/5/10, 36, 26, 8, 3, , 
2020/5/11, 29, 24, 8, 3, , 
2020/5/12, 26, 21, 7, 2, , 
2020/5/13, 23, 24, 10, 2, 3, 
2020/5/14, 35, 25, 10, 3, , 
2020/5/15, 32, 27, 10, 2, , 
2020/5/16, 48, 18, 7, 2, , 
2020/5/17, 119, 22, 8, 2, , 
2020/5/18, 44, 20, 9, 2, , 
2020/5/19, 47, 27, 11, 2, , 
2020/5/20, 54, 41, 8, 1, , 
2020/5/21, 70, 33, 7, 3, , 
2020/5/22, 65, 35, 8, 3, , 
2020/5/23, 75, 34, 7, 3, , 
2020/5/24, 67, 25, 8, 2, , 
2020/5/25, 57, 23, 7, 3, , 
2020/5/26, 53, 23, 8, 2, , 
2020/5/27, 48, 23, 8, 2, , 
2020/5/28, 52, 22, 6, 3, , 
2020/5/29, 49, 24, 6, 5, , 
2020/5/30, 54, 24, 6, 4, , 
2020/5/31, 52, 23, 7, 4, , 
2020/6/1, 55, 23, 6, 4, , 
2020/6/2, 52, 25, 6, 4, , 
2020/6/3, 52, 18, 6, 2, , 
2020/6/4, 45, 21, 6, 3, , 
2020/6/5, 46, 19, 7, 3, , 
2020/6/6, 46, 19, 4, 3, , 
2020/6/7, 43, 22, 6, 3, , 
2020/6/8, 48, 20, 9, 2, , 
2020/6/9, 46, 27, 8, 4, , 
2020/6/10, 54, 32, 12, 3, , 
2020/6/11, 71, 24, 7, 3, , 
2020/6/12, 54, 23, 6, 3, , 
2020/6/13, 50, 19, 5, 3, 9, 
2020/6/14, 49, 25, 4, 4, , 
2020/6/15, 50, 25, 8, 3, , 
2020/6/16, 54, 24, 8, 4, , 
2020/6/17, 50, 19, 6, 2, , 
2020/6/18, 48, 18, 6, 3, , 
2020/6/19, 46, 26, 6, 3, , 
2020/6/20, 55, 25, 6, 3, , 
2020/6/21, 55, 92, 8, 3, 1, 
2020/6/22, 82, 20, 8, 3, , 
2020/6/23, 49, 22, 8, 3, , 
2020/6/24, 47, 25, 11, 3, , 
2020/6/25, 56, 24, 7, 4, , 
2020/6/26, 50, 29, 8, 3, , 
2020/6/27, 59, 33, 7, 6, , 
2020/6/28, 68, 33, 7, 5, , 
2020/6/29, 68, 44, 12, 5, , 
2020/6/30, 81, 39, 7, 4, , 
2020/1/1, 33, 31, 17, 3, , 
2020/1/2, 54, 24, 12, 2, , 
2020/1/3, 38, 25, 12, 2, , 
2020/1/4, 37, 23, 12, 3, , 
2020/1/5, 35, 32, 18, 4, , 
2020/1/6, 57, 42, 18, 6, , 
2020/1/7, 85, 24, 11, 2, , 
2020/1/8, 46, 22, 11, 3, , 
2020/1/9, 31, 29, 12, 4, , 
2020/1/10, 50, 31, 14, 5, , 
2020/1/11, 63, 36, 16, 5, , 
2020/1/12, 71, 31, 15, 4, , 
2020/1/13, 63, 28, 13, 2, 3, 
2020/1/14, 46, 34, 17, 4, , 
2020/1/15, 59, 44, 19, 5, , 
2020/1/16, 81, 46, 11, 4, , 
2020/1/17, 92, 41, 15, 4, , 
2020/1/18, 82, 34, 10, 3, , 
2020/1/19, 66, 35, 13, 3, , 
2020/1/20, 69, 29, 9, 2, , 
2020/1/21, 45, 29, 10, 3, , 
2020/1/22, 49, 24, 13, 4, , 
2020/1/23, 42, 26, 13, 4, , 
2020/1/24, 46, 24, 15, 3, , 
2020/1/25, 45, 28, 14, 4, , 
2020/1/26, 54, 26, 14, 3, , 
2020/1/27, 53, 27, 13, 4, , 
2020/1/28, 57, 26, 13, 5, , 
2020/1/29, 51, 31, 15, 5, 1, 
2020/1/30, 58, 30, 15, 4, , 
2020/1/31, 56, 39, 16, 2, , 
2020/2/1, 64, 38, 17, 4, 9, 
2020/2/2, 64, 45, 20, 4, , 
2020/2/3, 78, 45, 19, 5, , 
2020/2/4, 83, 24, 13, 4, , 
2020/2/5, 45, 26, 15, 4, , 
2020/2/6, 45, 33, 15, 5, , 
2020/2/7, 61, 43, 21, 5, , 
2020/2/8, 77, 26, 14, 3, , 
2020/2/9, 50, 32, 15, 2, , 
2020/2/10, 62, 24, 10, 3, , 
2020/2/11, 42, 24, 9, 3, , 
2020/2/12, 45, 22, 10, 3, , 
2020/2/13, 41, 19, 11, 4, 6, 
2020/2/14, 42, 21, 9, 3, , 
2020/2/15, 47, 24, 11, 4, , 
2020/2/16, 52, 25, 11, 5, , 
2020/2/17, 55, 19, 10, 3, , 
2020/2/18, 38, 35, 14, 3, , 
2020/2/19, 57, 39, 18, 3, , 
2020/2/20, 65, 38, 16, 3, , 
2020/2/21, 61, 36, 14, 4, , 
2020/2/22, 56, 33, 15, 3, , 
2020/2/23, 51, 35, 14, 2, , 
2020/2/24, 56, 36, 14, 4, , 
2020/2/25, 59, 68, 16, 3, , 
2020/2/26, 93, 28, 12, 3, , 
2020/2/27, 52, 29, 11, 3, , 
2020/2/28, 55, 27, 12, 4, , 
2020/2/29, 51, 33, 13, 5, , 
2020/3/1, 67, 31, 12, 4, , 
2020/3/2, 61, 29, 12, 4, , 
2020/3/3, 61, 22, 9, 4, , 
2020/3/4, 43, 23, 10, 3, , 
2020/3/5, 42, 24, 11, 4, , 
2020/3/6, 46, 20, 11, 3, , 
2020/3/7, 42, 23, 11, 2, , 
2020/3/8, 47, 24, 9, 3, , 
2020/3/9, 53, 23, 7, 3, , 
2020/3/10, 52, 29, 11, 3, , 
2020/3/11, 63, 30, 12, 4, , 
2020/3/12, 65, 34, 13, 4, , 
2020/3/13, 68, 20, 8, 3, 8, 
2020/3/14, 36, 17, 8, 2, , 
2020/3/15, 29, 21, 10, 2, , 
2020/3/16, 27, 35, 17, 3, , 
2020/3/17, 64, 27, 13, 4, , 
2020/3/18, 47, 26, 13, 5, , 
2020/3/19, 50, 23, 12, 6, , 
2020/3/20, 46, 25, 16, 4, , 
2020/3/21, 54, 23, 16, 3, , 
2020/3/22, 50, 23, 14, 3, , 
2020/3/23, 50, 27, 14, 3, , 
2020/3/24, 59, 21, 10, 3, 1, 
2020/3/25, 50, 16, 11, 1, , 
2020/3/26, 30, 14, 11, 2, , 
2020/3/27, 31, 19, 11, 2, , 
2020/3/28, 43, 27, 13, 1, , 
2020/3/29, 66, , , , , 
2019/10/1, 39, 20, 7, 6, , 
2019/10/2, 33, 20, 8, 5, , 
2019/10/3, 33, 24, 8, 6, , 
2019/10/4, 42, 29, 9, 5, 1, 
2019/10/5, 46, 26, 10, 6, , 
2019/10/6, 50, 18, 9, 5, , 
2019/10/7, 35, 25, 8, 5, 1, 
2019/10/8, 40, 15, 8, 4, , 
2019/10/9, 29, 13, 7, 5, , 
2019/10/10, 22, 15, 6, 5, , 
2019/10/11, 25, 15, 10, 5, , 
2019/10/12, 20, 14, 9, 5, , 
2019/10/13, 24, 15, 7, 5, 7, 
2019/10/14, 30, 14, 7, 4, , 
2019/10/15, 28, 16, 9, 4, , 
2019/10/16, 35, 17, 9, 4, , 
2019/10/17, 33, 14, 10, 4, , 
2019/10/18, 28, 11, 9, 2, , 
2019/10/19, 22, 13, 9, 4, , 
2019/10/20, 23, 13, 5, 4, , 
2019/10/21, 22, 14, 6, 3, , 
2019/10/22, 24, 15, 7, 4, , 
2019/10/23, 28, 13, 7, 4, , 
2019/10/24, 20, 15, 9, 5, , 
2019/10/25, 29, 20, 10, 6, , 
2019/10/26, 38, 18, 10, 5, , 
2019/10/27, 35, 54, 6, 5, , 
2019/10/28, 96, 18, 10, 5, , 
2019/10/29, 36, 91, 11, 6, , 
2019/10/30, 70, 18, 13, 6, , 
2019/10/31, 39, 26, 16, 8, , 
2019/11/1, 45, 15, 7, 7, , 
2019/11/2, 21, 14, 7, 6, , 
2019/11/3, 20, 19, 5, 5, , 
2019/11/4, 31, 17, 5, 4, , 
2019/11/5, 29, 21, 8, 6, , 
2019/11/6, 43, 17, 7, 6, , 
2019/11/7, 27, 19, 6, 8, , 
2019/11/8, 30, 22, 8, 7, , 
2019/11/9, 40, 24, 7, 9, , 
2019/11/10, 51, 40, 18, 11, , 
2019/11/11, 78, 43, 17, 10, , 
2019/11/12, 85, 38, 17, 8, , 
2019/11/13, 79, 35, 17, 6, , 
2019/11/14, 71, 23, 12, 6, , 
2019/11/15, 49, 29, 15, 5, , 
2019/11/16, 57, 27, 11, 6, , 
2019/11/17, 54, 21, 12, 5, , 
2019/11/18, 46, 21, 10, 5, , 
2019/11/19, 44, 15, 11, 3, , 
2019/11/20, 32, 18, 14, 3, , 
2019/11/21, 38, 22, 15, 4, , 
2019/11/22, 46, 23, 14, 4, , 
2019/11/23, 49, 21, 14, 4, , 
2019/11/24, 46, 18, 12, 4, , 
2019/11/25, 39, 17, 9, 3, , 
2019/11/26, 32, 17, 9, 2, , 
2019/11/27, 33, 16, 9, 4, , 
2019/11/28, 33, 22, 10, 3, , 
2019/11/29, 42, 18, 9, 2, , 
2019/11/30, 37, 19, 10, 5, , 
2019/12/1, 39, 17, 11, 5, , 
2019/12/2, 32, 20, 18, 3, , 
2019/12/3, 35, 17, 17, 3, , 
2019/12/4, 39, 23, 18, 2, , 
2019/12/5, 51, 30, 24, 1, , 
2019/12/6, 62, 34, 25, 2, , 
2019/12/7, 61, 33, 26, 1, , 
2019/12/8, 63, 37, 26, 3, , 
2019/12/9, 70, 27, 20, 2, , 
2019/12/10, 59, 26, 16, 4, , 
2019/12/11, 55, 28, 17, 4, , 
2019/12/12, 57, 30, 15, 3, , 
2019/12/13, 62, 28, 11, 4, 8, 
2019/12/14, 57, 23, 13, 4, , 
2019/12/15, 49, 27, 13, 4, , 
2019/12/16, 55, 23, 10, 4, , 
2019/12/17, 55, 22, 9, 4, , 
2019/12/18, 44, 17, 8, 3, , 
2019/12/19, 37, 18, 7, 3, , 
2019/12/20, 27, 20, 9, 2, , 
2019/12/21, 37, 28, 14, 6, , 
2019/12/22, 53, 26, 13, 6, , 
2019/12/23, 56, 29, 12, 5, , 
2019/12/24, 62, 27, 14, 5, , 
2019/12/25, 56, 30, 13, 7, , 
2019/12/26, 57, 96, 14, 4, , 
2019/12/27, 84, 29, 16, 2, , 
2019/12/28, 54, 37, 19, 4, , 
2019/12/29, 67, , , , , 
2019/7/1, 44, 27, 7, 3, , 
2019/7/2, 53, 29, 8, 1, , 
2019/7/3, 26, 22, 6, 2, , 
2019/7/4, 34, 23, 7, 4, , 
2019/7/5, 55, 31, 9, 3, , 
2019/7/6, 53, 33, 6, 3, , 
2019/7/7, 42, 30, 7, 3, , 
2019/7/8, 46, 27, 7, 2, , 
2019/7/9, 46, 27, 9, 4, , 
2019/7/10, 49, 24, 10, 2, , 
2019/7/11, 48, 21, 16, 3, , 
2019/7/12, 42, 25, 11, 4, , 
2019/7/13, 55, 15, 8, 2, 59, 
2019/7/14, 27, 13, 6, 1, , 
2019/7/15, 19, 11, 6, 2, , 
2019/7/16, 13, 11, 9, 3, , 
2019/7/17, 23, 11, 4, 5, , 
2019/7/18, 22, 52, 6, 5, , 
2019/7/19, 26, 17, 7, 4, , 
2019/7/20, 22, 18, 8, 3, , 
2019/7/21, 29, 22, 10, 4, , 
2019/7/22, 31, 22, 7, 5, , 
2019/7/23, 38, 26, 13, 4, , 
2019/7/24, 51, 24, 10, 5, , 
2019/7/25, 46, 24, 11, 4, , 
2019/7/26, 51, 26, 6, 3, , 
2019/7/27, 45, 28, 6, 2, , 
2019/7/28, 48, 36, 6, 2, , 
2019/7/29, 49, 31, 5, 1, , 
2019/7/30, 44, 34, 5, 1, , 
2019/7/31, 49, 27, 7, 1, 5, 
2019/8/1, 37, 29, 9, 4, , 
2019/8/2, 50, 29, 6, 4, , 
2019/8/3, 48, 23, 6, 2, , 
2019/8/4, 35, 25, 8, 2, , 
2019/8/5, 36, 25, 8, 3, , 
2019/8/6, 38, 24, 6, 6, , 
2019/8/7, 43, 21, 6, 4, 1, 
2019/8/8, 35, 19, 7, 3, , 
2019/8/9, 23, 18, 6, 2, , 
2019/8/10, 25, 23, 7, 3, , 
2019/8/11, 29, 21, 8, 4, , 
2019/8/12, 36, 20, 8, 4, 1, 
2019/8/13, 35, 18, 6, 2, 15, 
2019/8/14, 26, 15, 6, 4, , 
2019/8/15, 22, 17, 6, 6, 1, 
2019/8/16, 21, 21, 8, 4, 1, 
2019/8/17, 28, 21, 9, 4, 1, 
2019/8/18, 29, 21, 8, 5, , 
2019/8/19, 38, 20, 7, 4, , 
2019/8/20, 42, 18, 4, 2, , 
2019/8/21, 30, 124, 6, 2, , 
2019/8/22, 59, 17, 6, 5, , 
2019/8/23, 28, 16, 6, 2, , 
2019/8/24, 59, 19, 6, 4, , 
2019/8/25, 28, 20, 7, 2, , 
2019/8/26, 26, 18, 6, 2, , 
2019/8/27, 28, 22, 5, 3, , 
2019/8/28, 33, 23, 6, 2, , 
2019/8/29, 34, 17, 6, 4, , 
2019/8/30, 24, 24, 9, 5, , 
2019/8/31, 45, 17, 6, 3, , 
2019/9/1, 27, 21, 7, 5, , 
2019/9/2, 30, 20, 5, 4, , 
2019/9/3, 38, 26, 5, 3, , 
2019/9/4, 41, 27, 6, 5, , 
2019/9/5, 49, 28, 6, 5, , 
2019/9/6, 54, 27, 9, 4, , 
2019/9/7, 59, 26, 8, 4, , 
2019/9/8, 55, 22, 4, 4, 1, 
2019/9/9, 43, 19, 10, 3, , 
2019/9/10, 31, 21, 8, 5, , 
2019/9/11, 41, 21, 8, 3, , 
2019/9/12, 47, 21, 4, 2, , 
2019/9/13, 34, 16, 5, 2, 59, 
2019/9/14, 28, 20, 6, 1, , 
2019/9/15, 36, 20, 7, 2, , 
2019/9/16, 30, 25, 6, 4, , 
2019/9/17, 39, 20, 6, 4, , 
2019/9/18, 41, 22, 7, 4, , 
2019/9/19, 39, 23, 7, 3, , 
2019/9/20, 42, 18, 7, 2, , 
2019/9/21, 32, 41, 10, 4, , 
2019/9/22, 93, 56, 15, 2, , 
2019/9/23, 142, 48, 14, 4, , 
2019/9/24, 115, 22, 11, 3, , 
2019/9/25, 52, 27, 13, 4, , 
2019/9/26, 59, 25, 8, 4, , 
2019/9/27, 55, 20, 8, 3, , 
2019/9/28, 42, 15, 10, 4, , 
2019/9/29, 28, 23, 10, 7, , 
2019/9/30, 47, 22, 8, 6, , 
2019/6/27, 39, 31, 5, 2, , 
2019/6/28, 37, 24, 6, 4, , 
2019/6/29, 58, 30, 10, 1, , 
2019/6/30, 44, 29, 8, 2, 3, 
2023/11/27, , 26, , 2, , 
2023/11/28, , 26, , 2, , 
2023/11/29, , 26, , 2, , 
2023/11/30, , 26, , 2, , 
2023/12/1, , 26, , 2, , 
2023/12/2, , 25, , 1, , 
2023/12/3, , 25, , 1, , 
2023/12/4, , 26, , 2, , 
2023/12/5, , 25, , 3, , 
2023/12/6, , 25, , 2, , 
2023/12/7, , 25, , 2, , 
2023/12/8, , 25, , 2, , 
2023/12/9, , 25, , 2, , 
2023/12/10, , 25, , 3, , 
2023/12/11, , 25, , 3, , 
2023/12/12, , 25, , 1, , 
2023/12/13, , 25, , 3, , 
2022/11/21, , 18, 4, 4, , 
2022/11/22, , 21, 5, 3, , 
2022/11/23, , 21, 5, 4, , 
2022/11/24, , 25, 5, 4, , 
2022/11/25, , 29, 3, 4, , 
2020/12/17, , 27, 8, 5, , 
2020/9/24, , 25, 4, 4, , 
2020/3/31, , 26, 12, 1, , 
2019/12/31, , 24, 15, 1, , 
2019/4/1, , 24, 8, , , 
2019/4/2, , 21, 10, , , 
2019/4/3, , 20, 7, , , 
2019/4/4, , 24, 10, , , 
2019/4/5, , 22, 10, , , 
2019/4/6, , 23, 10, , , 
2019/4/7, , 19, 9, , , 
2019/4/10, , 14, 9, , , 
2019/4/11, , 25, 10, , , 
2019/4/12, , 37, 8, , , 
2019/4/13, , 37, 8, , , 
2019/4/14, , 29, 8, , , 
2019/4/15, , 20, 7, , , 
2019/4/16, , 23, 9, , , 
2019/4/17, , 22, 8, , , 
2019/4/18, , 22, 8, , , 
2019/4/19, , 25, 8, , , 
2019/4/20, , 33, 4, , , 
2019/4/21, , 39, 6, , , 
2019/4/22, , 37, 8, , , 
2019/5/8, , 23, 8, , , 
2019/5/9, , 28, 7, , , 
2019/5/10, , 32, 4, , , 
2019/5/11, , 25, 4, , , 
2019/5/12, , 27, 4, , , 
2019/5/13, , 25, 3, , , 
2019/5/14, , 20, 3, , , 
2019/5/15, , 23, 4, , , 
2019/5/16, , 21, 4, , , 
2019/5/17, , 22, 9, , , 
2019/5/18, , 24, 7, , , 
2019/5/19, , 26, 6, , , 
2019/5/20, , 21, 5, , , 
2019/5/21, , 17, 4, , , 
2019/5/22, , 19, 4, , , 
2019/5/23, , 20, 3, , , 
2019/5/24, , 21, 6, , , 
2019/5/25, , 15, 4, , , 
2019/5/26, , 14, 5, , , 
2019/5/27, , 19, 2, , , 
2019/6/9, , 15, 4, , , 
2019/6/10, , 18, 6, , , 
2019/6/11, , 21, 6, , , 
2019/6/12, , 30, 7, , , 
2019/6/13, , 21, 8, , , 
2019/6/14, , 22, 9, , , 
2019/6/19, , 33, 6, , , 
2019/6/20, , 22, 6, , , 
2019/6/21, , 25, 5, , , 
2019/6/23, , 20, 5, , , 
2019/6/24, , 21, 5, , , 
2019/6/25, , 20, 5, , , 
2019/6/26, , 26, 5, 2, , 
2019/1/1, , 35, , , , 
2019/1/2, , 41, , , , 
2019/1/3, , 44, , , , 
2019/1/4, , 37, , , , 
2019/1/5, , 27, , , , 
2019/1/6, , 33, , , , 
2019/1/7, , 33, , , , 
2019/1/8, , 38, , , , 
2019/1/9, , 36, , , , 
2019/1/10, , 36, , , , 
2019/1/11, , 40, , , , 
2019/1/12, , 34, , , , 
2019/1/13, , 32, , , , 
2019/1/14, , 40, , , , 
2019/1/15, , 42, , , , 
2019/1/16, , 48, , , , 
2019/1/17, , 40, , , , 
2019/1/18, , 40, , , , 
2019/1/19, , 40, , , , 
2019/1/20, , 38, , , , 
2019/1/21, , 43, , , , 
2019/1/22, , 43, , , , 
2019/1/23, , 46, 16, , , 
2019/1/24, , 49, 17, , , 
2019/1/25, , 51, 21, , , 
2019/1/26, , 53, 16, , , 
2019/1/27, , 48, 17, , , 
2019/1/28, , 50, 14, , , 
2019/1/29, , 54, 11, , , 
2019/1/30, , 45, 12, , , 
2019/1/31, , 45, 13, , , 
2019/2/1, , 50, 10, , , 
2019/2/2, , 41, 11, , , 
2019/2/3, , 38, 9, , , 
2019/2/4, , 36, 13, , , 
2019/2/5, , 39, 13, , , 
2019/2/6, , 40, 11, , , 
2019/2/7, , 44, 20, , , 
2019/2/8, , 32, 16, , , 
2019/2/9, , 36, 11, , , 
2019/2/10, , 45, 11, , , 
2019/2/11, , 44, 7, , , 
2019/2/12, , 44, 9, , 3, 
2019/2/13, , 43, 12, , , 
2019/2/14, , 44, 9, , , 
2019/2/15, , 40, 13, , , 
2019/2/16, , 41, 14, , 3, 
2019/2/17, , 43, 11, , , 
2019/2/18, , 41, 12, , , 
2019/2/19, , 39, 11, , , 
2019/2/20, , 35, 10, , , 
2019/2/21, , 32, 8, , , 
2019/2/22, , 36, 12, , , 
2019/2/23, , 41, 13, , 8, 
2019/2/24, , 41, 13, , , 
2019/2/25, , 47, 11, , , 
2019/2/26, , 35, 14, , , 
2019/2/27, , 40, 12, , , 
2019/2/28, , 45, 15, , , 
2019/3/1, , 50, 14, , , 
2019/3/2, , 50, 15, , , 
2019/3/3, , 47, 13, , , 
2019/3/4, , 49, 12, , , 
2019/3/5, , 50, 11, , , 
2019/3/6, , 40, 10, , , 
2019/3/7, , 35, 11, , , 
2019/3/8, , 37, 13, , , 
2019/3/9, , 38, 12, , , 
2019/3/10, , 38, 11, , , 
2019/3/11, , 37, 11, , , 
2019/3/12, , 56, 10, , , 
2019/3/13, , 53, 11, , , 
2019/3/14, , 41, 13, , , 
2019/3/15, , 45, 14, , , 
2019/3/16, , 50, 13, , , 
2019/3/17, , 53, 13, , , 
2019/3/18, , 56, 12, , , 
2019/3/19, , 53, 10, , , 
2019/3/20, , 41, 11, , , 
2019/3/21, , 47, 11, , , 
2019/3/22, , 52, 8, , , 
2019/3/23, , 65, , , , 
2019/3/24, , 51, , , , 
2019/3/25, , 37, 8, , , 
2019/3/26, , 20, 10, , , 
2019/3/27, , 33, 10, , , 
2019/3/28, , 31, 10, , , 
2019/3/29, , 35, 10, , , 
2019/3/30, , 33, 6, , , 
2019/3/31, , 23, , , , 
2018/10/1, , 20, 5, , , 
2018/10/2, , 23, 6, , , 
2018/10/3, , 22, 10, , , 
2018/10/4, , 17, 6, , , 
2018/10/5, , 23, 9, , , 
2018/10/6, , 27, 10, , , 
2018/10/7, , 22, 7, , , 
2018/10/8, , 21, 7, , , 
2018/10/9, , 19, 9, , , 
2018/10/10, , 18, 9, , , 
2018/10/11, , 24, 8, , , 
2018/10/12, , 28, 7, , , 
2018/10/13, , 25, 8, , , 
2018/10/14, , 31, 10, , , 
2018/10/15, , 30, 5, , , 
2018/10/16, , 31, 5, , 1, 
2018/10/17, , 26, 6, , , 
2018/10/18, , 23, 6, , , 
2018/10/19, , 18, 5, , , 
2018/10/20, , 18, 6, , , 
2018/10/21, , 21, 3, , , 
2018/10/22, , 18, 4, , , 
2018/10/23, , 17, 2, , , 
2018/10/24, , 20, 3, , , 
2018/10/25, , 18, 6, , , 
2018/10/26, , 18, 6, , , 
2018/10/27, , 19, 8, , , 
2018/10/28, , 25, 7, , , 
2018/10/29, , 21, 9, , , 
2018/10/30, , 25, 11, , , 
2018/10/31, , 33, 13, , , 
2018/11/26, , 62, , , , 
2018/11/27, , 45, , , , 
2018/11/28, , 28, , , , 
2018/11/29, , 27, , , , 
2018/11/30, , 35, , , , 
2018/12/1, , 33, , , , 
2018/12/2, , 33, , , , 
2018/12/3, , 35, , , , 
2018/12/4, , 30, , , , 
2018/12/5, , 33, , , , 
2018/12/6, , 36, , , , 
2018/12/7, , 24, , , , 
2018/12/8, , 23, , , , 
2018/12/9, , 22, , , , 
2018/12/10, , 24, , , , 
2018/12/11, , 30, , , , 
2018/12/12, , 34, , , , 
2018/12/13, , 36, , , , 
2018/12/14, , 33, , , , 
2018/12/15, , 35, , , , 
2018/12/16, , 19, , , , 
2018/12/17, , 25, , , , 
2018/12/18, , 27, , , , 
2018/12/19, , 24, , , , 
2018/12/20, , 27, , , , 
2018/12/21, , 31, , , , 
2018/12/22, , 31, , , , 
2018/12/23, , 42, , , , 
2018/12/24, , 52, , , , 
2018/12/25, , 52, , , , 
2018/12/26, , 44, , , , 
2018/12/27, , 29, , , , 
2018/12/28, , 31, , , , 
2018/12/29, , 32, , , , 
2018/12/30, , 35, , , , 
2018/7/1, , 27, 7, 7, , 
2018/7/2, , 26, 6, 7, , 
2018/7/3, , 29, 12, 9, 25, 
2018/7/4, , 31, 6, 5, , 
2018/7/5, , 23, 5, 4, , 
2018/7/6, , 26, 5, 5, , 
2018/7/7, , 25, 5, , , 
2018/7/8, , 24, 7, , , 
2018/7/9, , 27, 8, 3, , 
2018/7/10, , 36, 6, 3, , 
2018/7/11, , 33, 7, 3, , 
2018/7/12, , 26, 10, 4, , 
2018/7/13, , 32, 6, 2, , 
2018/7/14, , 38, 6, 3, , 
2018/7/15, , 44, 8, 5, , 
2018/7/16, , 40, 7, 3, , 
2018/7/17, , 26, 5, 2, , 
2018/7/18, , 27, 9, 2, , 
2018/7/19, , 35, 8, 2, , 
2018/7/20, , 29, 7, 2, , 
2018/7/21, , 29, 7, 2, , 
2018/7/22, , 29, 9, 4, , 
2018/7/23, , 29, 6, 3, , 
2018/7/24, , 35, 5, , , 
2018/7/25, , 40, 6, , , 
2018/7/26, , 38, 6, , , 
2018/7/27, , 29, 5, , , 
2018/7/28, , 26, 5, , , 
2018/7/29, , 27, 5, , , 
2018/7/30, , 27, 6, , , 
2018/7/31, , 26, 6, , , 
2018/8/1, , 29, 6, , , 
2018/8/2, , 23, 5, , , 
2018/8/3, , 26, 5, , , 
2018/8/4, , 26, 6, , , 
2018/8/5, , 24, 6, , , 
2018/8/6, , 27, 7, , , 
2018/8/7, , 46, 6, , , 
2018/8/8, , 41, 7, , , 
2018/8/9, , 32, 6, , , 
2018/8/10, , 33, 8, , , 
2018/8/11, , 39, 9, , , 
2018/8/12, , 45, 9, , , 
2018/8/13, , 38, 9, , , 
2018/8/14, , 35, 9, , , 
2018/8/15, , 34, 6, , , 
2018/8/16, , 27, 7, , , 
2018/8/17, , 30, 6, , , 
2018/8/18, , 39, 5, , , 
2018/8/19, , 33, 6, , , 
2018/8/20, , 28, 5, , , 
2018/8/21, , 28, 6, , , 
2018/8/22, , 26, 6, , , 
2018/8/23, , 32, 6, , , 
2018/8/24, , 33, 6, , , 
2018/8/25, , 35, 6, , , 
2018/8/26, , 38, 6, , , 
2018/8/27, , 37, 7, , , 
2018/8/28, , 33, 5, , , 
2018/8/29, , 33, 6, , , 
2018/8/30, , 28, 7, , , 
2018/8/31, , 29, 6, , , 
2018/9/1, , 35, 6, , , 
2018/9/2, , 31, 5, , , 
2018/9/3, , 25, 5, , , 
2018/9/4, , 30, 5, , , 
2018/9/5, , 26, 4, , , 
2018/9/6, , 25, 4, , , 
2018/9/7, , 26, 4, , , 
2018/9/8, , 27, 5, , , 
2018/9/9, , 34, 4, , , 
2018/9/10, , 27, 5, , , 
2018/9/11, , 25, 4, , , 
2018/9/12, , 21, 3, , , 
2018/9/18, , 37, 6, , , 
2018/9/19, , 28, 9, , , 
2018/9/20, , 24, 5, , , 
2018/9/21, , 23, 7, , , 
2018/9/22, , 23, 9, , , 
2018/9/23, , 20, 8, , , 
2018/9/24, , 27, 4, , , 
2018/9/25, , 22, 4, , , 
2018/9/26, , 23, 6, , , 
2018/9/27, , 20, 5, , , 
2018/9/28, , 14, 5, , , 
2018/9/29, , 18, 6, , , 
2018/9/30, , 21, 8, , , 
2018/4/1, , 23, 11, 7, , 
2018/4/2, , 32, 11, 6, 5, 
2018/4/3, , 37, 11, 7, , 
2018/4/4, , 46, 14, 8, , 
2018/4/5, , 43, 14, 6, , 
2018/4/6, , 38, 15, 5, , 
2018/4/7, , 37, 12, 3, , 
2018/4/8, , 34, 12, 3, , 
2018/4/9, , 34, 12, 3, , 
2018/4/10, , 34, 7, 4, , 
2018/4/11, , 28, 9, 4, , 
2018/4/12, , 31, 8, 4, , 
2018/4/13, , 30, 7, 3, , 
2018/4/14, , 25, 8, 4, , 
2018/4/15, , 25, 7, 3, , 
2018/4/16, , 24, 7, 5, , 
2018/4/17, , 27, 8, 3, , 
2018/4/18, , 30, 11, 3, , 
2018/4/19, , 35, 13, 4, , 
2018/4/20, , 35, 14, 5, , 
2018/4/21, , 37, 13, 6, , 
2018/4/22, , 36, 11, 5, , 
2018/4/23, , 33, 6, 6, , 
2018/4/24, , 31, 5, 6, , 
2018/4/25, , 30, 7, 5, , 
2018/4/26, , 25, 8, 4, , 
2018/4/27, , 28, 9, 4, , 
2018/4/28, , 27, 9, 5, , 
2018/4/29, , 29, 6, 6, , 
2018/4/30, , 27, 7, 5, , 
2018/5/1, , 24, 5, 7, , 
2018/5/2, , 32, 7, 6, , 
2018/5/3, , 31, 8, 4, 2, 
2018/5/4, , 29, 9, 4, , 
2018/5/5, , 26, , , , 
2018/5/7, , 27, 6, 7, , 
2018/5/8, , 28, 9, 7, , 
2018/5/9, , 32, 9, 8, , 
2018/5/10, , 31, 10, 7, , 
2018/5/11, , 29, 10, 6, , 
2018/5/12, , 26, 9, 5, , 
2018/5/13, , 25, 8, 4, , 
2018/5/14, , 21, 9, 4, , 
2018/5/15, , 21, 3, 6, , 
2018/5/16, , 22, 9, 7, , 
2018/5/17, , 20, 8, 9, , 
2018/5/18, , 25, 7, 8, , 
2018/5/19, , 25, 11, 7, , 
2018/5/20, , 24, 7, 6, , 
2018/5/21, , 21, 8, 6, , 
2018/5/22, , 22, 9, 5, , 
2018/5/23, , 21, 5, 9, , 
2018/5/24, , 21, 9, 6, , 
2018/5/25, , 24, 6, 6, , 
2018/5/26, , 21, 7, 6, , 
2018/5/27, , 25, 7, 6, , 
2018/5/28, , 22, 5, 5, , 
2018/5/29, , 21, 7, 6, , 
2018/5/30, , 19, 8, 7, , 
2018/5/31, , 24, 3, 8, , 
2018/6/1, , 30, 6, 8, 9, 
2018/6/2, , 28, 3, 7, , 
2018/6/3, , 29, 2, 7, , 
2018/6/4, , 27, 4, 7, , 
2018/6/5, , 26, 7, 7, , 
2018/6/6, , 30, 5, 6, 16, 
2018/6/7, , 29, 4, 3, , 
2018/6/8, , 33, 4, 5, , 
2018/6/9, , 31, 10, 6, , 
2018/6/10, , 32, 14, 7, , 
2018/6/11, , 42, 12, 7, , 
2018/6/12, , 42, 8, 7, , 
2018/6/13, , 37, 4, 6, , 
2018/6/14, , 27, 7, 3, , 
2018/6/15, , 27, 5, 4, , 
2018/6/16, , 25, 6, 3, , 
2018/6/17, , 23, 9, 3, , 
2018/6/18, , 21, 8, 3, , 
2018/6/19, , 21, 4, 7, , 
2018/6/20, , 23, 6, 7, , 
2018/6/21, , 30, 7, 6, , 
2018/6/22, , 29, 4, 5, , 
2018/6/23, , 39, 4, 5, 1, 
2018/6/24, , 29, 4, 5, , 
2018/6/25, , 29, 6, 5, , 
2018/6/26, , 26, 6, 6, , 
2018/6/27, , 25, 7, 5, , 
2018/6/28, , 22, 9, 4, , 
2018/6/29, , 23, 9, 6, , 
2018/6/30, , 33, 7, 6, , 
2018/1/1, , 23, 12, 2, , 
2018/1/2, , 26, 11, 4, , 
2018/1/3, , 28, 11, 4, , 
2018/1/4, , 24, 7, 4, , 
2018/1/5, , 24, 10, 5, , 
2018/1/6, , 24, 7, 6, , 
2018/1/7, , 19, 7, 6, , 
2018/1/8, , 22, 7, 5, , 
2018/1/9, , 19, 9, 5, , 
2018/1/10, , 24, 5, 7, , 
2018/1/11, , 19, 13, 6, , 
2018/1/12, , 18, 23, 2, , 
2018/1/13, , 38, 27, 4, , 
2018/1/14, , 40, 23, 4, , 
2018/1/15, , 41, 19, 4, , 
2018/1/16, , 38, 10, 5, , 
2018/1/17, , 20, 11, 6, , 
2018/1/18, , 25, 12, 7, , 
2018/1/19, , 33, 14, 5, , 
2018/1/20, , 34, 6, 3, , 
2018/1/21, , 16, 6, 5, , 
2018/1/22, , 19, 8, 5, , 
2018/1/23, , 17, 6, 4, , 
2018/1/24, , 18, 5, 5, , 
2018/1/25, , 21, 6, 6, , 
2018/1/26, , 28, 6, 6, , 
2018/1/27, , 30, 8, 2, , 
2018/1/28, , 27, 6, 6, , 
2018/1/29, , 25, 7, 6, , 
2018/1/30, , 24, 6, 7, , 
2018/1/31, , 26, 9, 5, , 
2018/2/1, , 27, 8, 5, , 
2018/2/2, , 26, 12, 13, , 
2018/2/3, , 32, 19, 15, , 
2018/2/4, , 37, 19, 18, , 
2018/2/5, , 40, 19, 12, , 
2018/2/6, , 47, 17, 6, , 
2018/2/7, , 42, 19, 5, , 
2018/2/8, , 42, 21, 8, , 
2018/2/9, , 50, 19, 6, , 
2018/2/10, , 50, 17, 6, , 
2018/2/11, , 47, 16, 5, , 
2018/2/12, , 51, 13, 5, , 
2018/2/13, , 37, 14, 6, , 
2018/2/14, , 35, 16, 7, , 
2018/2/15, , 42, 19, 6, , 
2018/2/16, , 48, 13, 1, , 
2018/2/17, , 47, 18, 1, , 
2018/2/18, , 47, 7, 5, , 
2018/2/19, , 34, 6, 4, , 
2018/2/20, , 29, 6, 5, , 
2018/2/21, , 31, 7, 4, , 
2018/2/22, , 28, 7, 3, , 
2018/2/23, , 24, 7, 3, 6, 
2018/2/24, , 32, 7, 2, , 
2018/2/25, , 30, 9, 3, , 
2018/2/26, , 32, 7, 4, , 
2018/2/27, , 27, 7, 5, , 
2018/2/28, , 28, 11, 5, , 
2018/3/1, , 30, 15, 6, , 
2018/3/2, , 31, 11, 5, , 
2018/3/3, , 25, 9, 5, , 
2018/3/4, , 27, 11, 4, , 
2018/3/5, , 24, 9, 5, , 
2018/3/6, , 20, 6, 4, , 
2018/3/7, , 19, 9, 5, , 
2018/3/8, , 23, 9, 3, , 
2018/3/9, , 29, 12, 3, , 
2018/3/10, , 35, 14, 3, , 
2018/3/11, , 32, 14, 6, , 
2018/3/12, , 40, 17, 8, , 
2018/3/13, , 41, 14, 6, , 
2018/3/14, , 34, 13, 7, , 
2018/3/15, , 35, 13, 7, , 
2018/3/16, , 30, 11, 4, , 
2018/3/17, , 23, 11, 5, , 
2018/3/18, , 21, 9, 3, , 
2018/3/19, , 18, 10, 4, , 
2018/3/20, , 20, 10, 5, , 
2018/3/21, , 25, 12, 4, , 
2018/3/22, , 25, 9, 4, , 
2018/3/23, , 23, 14, 4, , 
2018/3/24, , 31, 12, 4, , 
2018/3/25, , 38, 14, 5, , 
2018/3/26, , 38, 16, 7, , 
2018/3/27, , 40, 14, 6, , 
2018/3/28, , 41, 17, 8, 15, 
2018/3/29, , 40, 13, 7, , 
2018/3/30, , 40, 11, 6, , 
2018/3/31, , 32, 11, 5, , 
2017/10/1, , 9, , 5, , 
2017/10/2, , 12, , , , 
2017/10/4, , 16, , 5, , 
2017/10/5, , 16, , 4, , 
2017/10/6, , 12, , , , 
2017/12/8, , 17, 10, 4, , 
2017/12/9, , 20, 12, 4, , 
2017/12/10, , 31, 11, 6, , 
2017/12/11, , 28, 14, 6, , 
2017/12/12, , 32, 11, 9, , 
2017/12/13, , 33, 10, 9, , 
2017/12/14, , 51, 7, 5, , 
2017/12/15, , 22, 3, 8, , 
2017/12/16, , 25, 10, 6, , 
2017/12/17, , 24, 17, 2, , 
2017/12/18, , 28, 20, 1, , 
2017/12/19, , 41, 22, 1, , 
2017/12/20, , 42, 23, 3, , 
2017/12/21, , 48, 25, 4, , 
2017/12/22, , 54, 28, 6, , 
2017/12/23, , 49, 22, 6, , 
2017/12/24, , 46, 19, 6, , 
2017/12/25, , 40, 22, 3, , 
2017/12/26, , 41, 14, 7, , 
2017/12/27, , 24, 12, 5, , 
2017/12/28, , 19, 6, 4, , 
2017/12/29, , 20, 8, 3, , 
2017/12/30, , 20, 8, 2, , 
2017/12/31, , 20, 10, 2, , 
2017/7/1, , 10, 4, 5, , 
2017/7/2, , 9, 4, 5, , 
2017/7/3, , 8, 2, 6, 1, 
2017/7/4, , 11, 5, 5, 3, 
2017/7/5, , 9, 6, 4, 1, 
2017/7/6, , 8, 4, 8, , 
2017/7/7, , 18, 6, 6, , 
2017/7/8, , 12, 6, 4, , 
2017/7/9, , 12, 6, 3, 1, 
2017/7/10, , 7, 5, 4, , 
2017/7/11, , 11, 5, 8, , 
2017/7/12, , 22, 9, 7, 1, 
2017/7/13, , 16, 4, 7, , 
2017/7/14, , 14, 5, 3, , 
2017/7/15, , 32, 6, 1, , 
2017/7/16, , 27, 6, 5, , 
2017/7/17, , 28, 9, 6, , 
2017/7/18, , 28, 7, 6, , 
2017/7/19, , 27, 4, 3, , 
2017/7/20, , 27, 5, 4, , 
2017/7/21, , 30, 9, 5, , 
2017/7/22, , 36, 6, 5, , 
2017/7/23, , 34, 8, 5, , 
2017/7/24, , 29, 3, 3, , 
2017/7/25, , 26, 5, 4, , 
2017/7/26, , 28, 4, 2, , 
2017/7/27, , 25, 5, 2, , 
2017/7/28, , 16, 5, 2, , 
2017/7/29, , 21, 5, 2, , 
2017/7/30, , 13, 5, 3, 13, 
2017/7/31, , 17, 4, 2, 15, 
2017/8/1, , 18, 4, 3, , 
2017/8/2, , 21, 4, 3, 1, 
2017/8/3, , 16, 4, 4, 4, 
2017/8/4, , 15, 4, 6, , 
2017/8/5, , 17, 5, 4, , 
2017/8/6, , 10, 5, 6, , 
2017/8/7, , 16, 6, 6, , 
2017/8/8, , 14, 4, 4, , 
2017/8/9, , 16, 4, 6, , 
2017/8/10, , 18, 2, 6, , 
2017/8/11, , 14, 3, 3, , 
2017/8/12, , 6, 4, 3, , 
2017/8/13, , 7, 4, 4, , 
2017/8/14, , 7, 4, 5, , 
2017/8/15, , 7, 5, 3, , 
2017/8/16, , 14, 6, 2, 8, 
2017/8/17, , 22, 3, 4, , 
2017/8/18, , 20, 6, 5, , 
2017/8/19, , 17, 6, 5, , 
2017/8/20, , 16, 5, 4, , 
2017/8/21, , 14, 3, 4, , 
2017/8/22, , 16, 5, 5, , 
2017/8/23, , 15, 5, 5, , 
2017/8/24, , 16, 5, 5, , 
2017/8/25, , 17, 2, 6, , 
2017/8/26, , 10, 1, 6, , 
2017/8/27, , 11, 3, 6, , 
2017/8/28, , 13, 3, 7, , 
2017/8/29, , 17, 8, 6, , 
2017/8/30, , 18, 6, 6, , 
2017/8/31, , 21, 3, 6, , 
2017/9/1, , 22, 5, 4, , 
2017/9/2, , 13, 3, 3, , 
2017/9/3, , 12, 2, 3, , 
2017/9/4, , 12, 5, 4, , 
2017/9/5, , 11, 5, 2, , 
2017/9/6, , 7, , , , 
2017/9/9, , 14, 6, 6, , 
2017/9/10, , 10, 4, 7, , 
2017/9/11, , 14, 4, 8, , 
2017/9/12, , 18, 3, 5, , 
2017/9/13, , 12, , 4, , 
2017/9/14, , 8, , 5, , 
2017/9/15, , 12, , 12, , 
2017/9/16, , 27, , 8, , 
2017/9/17, , 28, , 6, , 
2017/9/18, , 22, , 4, , 
2017/9/19, , 13, , 3, , 
2017/9/20, , 14, , 4, , 
2017/9/21, , 8, , 4, , 
2017/9/22, , 11, , 3, , 
2017/9/23, , 10, , 2, , 
2017/9/24, , 11, , 4, , 
2017/9/25, , 11, , , , 
2017/9/27, , 13, , 5, , 
2017/9/28, , 11, , 3, , 
2017/9/29, , 9, , 5, , 
2017/9/30, , 10, , 4, , 
2017/6/26, , 19, 7, 6, , 
2017/6/27, , 17, 5, 6, , 
2017/6/28, , 5, 6, 7, , 
2017/6/29, , 9, 5, 8, , 
2017/6/30, , 10, 4, 6, , 
2016/10/1, , 28, 5, 3, 3, 
2016/10/2, , 15, 4, 5, 2, 
2016/10/3, , 13, 6, 4, , 
2016/10/4, , 22, 6, 4, 2, 
2016/10/5, , 14, 5, 4, 2, 
2016/10/6, , 21, 6, 4, 3, 
2016/10/7, , 42, 4, 3, 3, 
2016/10/8, , 32, 4, 3, 4, 
2016/10/9, , 23, 4, 4, 3, 
2016/10/10, , 19, 5, 3, 4, 
2016/10/11, , 15, 6, 3, 4, 
2016/10/12, , 18, 6, 3, 1, 
2016/10/13, , 11, 7, 4, 1, 
2016/10/14, , 2, 8, 5, 1, 
2016/10/17, , 6, 81, 9, , 
2016/10/18, , 13, 16, 4, , 
2016/10/19, , 10, 13, 3, , 
2016/10/20, , 14, 12, 3, 1, 
2016/10/21, , 8, 9, 3, , 
2016/10/22, , 10, 8, 3, 1, 
2016/10/23, , 7, 11, 4, 1, 
2016/10/24, , 23, 13, 6, 1, 
2016/10/25, , 21, 16, 7, 1, 
2016/10/26, , 36, 13, 6, , 
2016/10/27, , 18, 12, 5, 1, 
2016/10/28, , 26, 9, 5, 1, 
2016/10/29, , 9, 10, 3, 1, 
2016/10/30, , 7, 8, 5, 2, 
2016/10/31, , 4, 9, 7, 2, 
2016/11/1, , 13, 12, 5, 2, 
2016/11/2, , 12, 12, 5, 2, 
2016/11/3, , 5, 10, 7, 2, 
2016/11/4, , 7, , 2, 3, 
2016/11/5, , 7, , 5, 3, 
2016/11/6, , 4, , 9, 3, 
2016/11/7, , 12, , 7, 2, 
2016/11/8, , 10, , 5, 2, 
2016/11/9, , 8, , , , 
2016/7/1, , 33, 30, 11, 20, 6
2016/7/2, , 44, 32, 13, 22, 7
2016/7/3, , 59, 25, 11, 24, 6
2016/7/4, , 54, 20, 9, 21, 5
2016/7/5, , 44, 23, 6, 23, 4
2016/7/6, , 20, 27, 13, 45, 41
2016/7/7, , 27, 58, 3, 9, 5
2016/7/8, , 19, 31, 4, , 5
2016/7/9, , 22, 27, 2, , 4
2016/7/10, , 23, 26, 4, , 5
2016/7/11, , 31, 27, 4, , 5
2016/7/12, , 21, 27, 8, 1, 5
2016/7/13, , 37, 12, 14, 17, 7
2016/7/14, , 31, 12, 12, 9, 7
2016/7/15, , 19, 21, 11, 4, 4
2016/7/16, , 17, 14, 8, , 3
2016/7/17, , 12, 13, 2, 4, 3
2016/7/18, , 9, , , , 3
2016/7/19, , 12, , , , 4
2016/7/20, , 15, 10, 13, , 6
2016/7/21, , 21, 13, 11, 4, 6
2016/7/22, , 24, 5, 9, , 5
2016/7/23, , 20, , , , 6
2016/7/24, , 18, 14, 10, 4, 4
2016/7/25, , 16, 20, 12, , 6
2016/7/26, , 23, 1, 10, 4, 8
2016/7/27, , 23, 6, 10, , 7
2016/7/28, , 24, 5, 9, , 8
2016/7/29, , 21, 13, 7, , 5
2016/7/30, , 26, 7, 6, , 4
2016/7/31, , 17, 14, 4, , 5
2016/8/1, , 14, 7, 5, , 3
2016/8/2, , 16, 9, 6, , 3
2016/8/3, , 24, 7, 4, , 4
2016/8/4, , 30, 12, 7, , 6
2016/8/5, , 25, 9, 13, , 5
2016/8/6, , 25, 4, 13, , 6
2016/8/7, , 14, , , , 
2016/8/9, , 15, , 9, , 4
2016/8/10, , 18, , 7, , 4
2016/8/11, , 18, 1, 4, , 6
2016/8/12, , 22, 2, 3, , 
2016/8/13, , 15, 1, 1, , 
2016/8/14, , 16, 1, 3, , 
2016/8/15, , 18, 5, 4, , 
2016/8/16, , 25, 1, 3, , 
2016/8/17, , 29, 14, 5, 20, 8
2016/8/18, , 23, 12, 6, , 2
2016/8/19, , 26, 11, 8, , 3
2016/8/20, , 26, 11, 7, , 3
2016/8/21, , 24, 12, 7, , 3
2016/8/22, , 16, 10, 8, , 3
2016/8/23, , 14, 7, 10, , 4
2016/8/24, , 10, 7, 12, , 4
2016/8/25, , 12, 21, 14, , 5
2016/8/26, , 19, 14, 7, , 2
2016/8/27, , 15, 10, 9, , 4
2016/8/28, , 13, , 7, 1, 1
2016/8/29, , 10, , 7, , 
2016/8/30, , 13, , 7, , 
2016/8/31, , 12, , 7, , 
2016/9/1, , 18, 7, 7, , 
2016/9/2, , 16, 4, 6, , 
2016/9/3, , 11, 6, 4, , 
2016/9/4, , 12, 6, 4, , 
2016/9/5, , 15, 6, 4, , 
2016/9/6, , 12, 6, 5, , 
2016/9/7, , 14, 4, 9, 1, 
2016/9/8, , 14, 4, 15, , 
2016/9/9, , 20, 4, 14, , 
2016/9/10, , 26, 6, 10, , 
2016/9/11, , 29, 4, 6, 9, 
2016/9/12, , 22, 4, 5, , 
2016/9/13, , 28, 4, 4, , 
2016/9/14, , 23, 4, 4, , 
2016/9/15, , 21, 7, 4, , 
2016/9/16, , 17, 5, 3, , 
2016/9/17, , 12, 4, 3, , 
2016/9/18, , 17, 5, 5, , 
2016/9/19, , 13, 4, 3, , 
2016/9/20, , 14, 6, 3, , 
2016/9/21, , 15, 7, 6, 1, 
2016/9/22, , 13, 4, 6, 1, 
2016/9/23, , 20, 5, 4, 1, 
2016/9/24, , 29, 5, 3, 2, 
2016/9/25, , 27, 6, 3, 2, 
2016/9/26, , 30, 4, 4, 2, 
2016/9/27, , 21, 5, 4, 2, 
2016/9/28, , 25, 6, 4, 2, 
2016/9/29, , 15, 6, 4, 3, 
2016/9/30, , 24, 6, 3, 3, 
2016/4/1, , 24, 24, 6, , 3
2016/4/2, , 19, 26, 6, , 3
2016/4/3, , 16, 23, 6, , 3
2016/4/4, , 16, 23, 8, 2, 7
2016/4/5, , 13, 25, 7, , 4
2016/4/6, , 6, 24, 7, 1, 4
2016/4/8, , 13, 29, 8, 2, 5
2016/4/9, , 16, 29, 6, 2, 4
2016/4/10, , 16, 19, 5, 1, 4
2016/4/11, , 18, 16, 5, 1, 4
2016/4/12, , 22, 16, 4, 1, 4
2016/4/13, , 15, 20, 3, 1, 3
2016/4/14, , 13, 17, 2, 1, 3
2016/4/15, , 13, 23, 3, 1, 4
2016/4/16, , 22, 28, 3, 1, 4
2016/4/17, , 20, 22, 2, 2, 4
2016/4/18, , 15, 22, 1, 3, 4
2016/4/19, , 14, 20, 1, 3, 4
2016/4/20, , 10, 22, , 1, 4
2016/4/21, , 14, 24, 10, 2, 4
2016/4/22, , 17, 23, 8, 1, 4
2016/4/23, , 12, 23, 9, 8, 5
2016/4/24, , 13, 21, 10, , 5
2016/4/25, , 13, 26, 8, , 5
2016/4/26, , 17, 19, 5, , 7
2016/4/27, , 18, 22, 3, 1, 5
2016/4/28, , 22, 19, 4, 1, 5
2016/4/29, , 22, 20, 5, 1, 5
2016/4/30, , 25, 25, 4, , 5
2016/5/1, , 21, 26, 4, 1, 5
2016/5/2, , 22, 26, 4, 1, 5
2016/5/3, , 19, 18, 6, 2, 6
2016/5/4, , 20, 20, 2, 1, 5
2016/5/5, , 9, 21, 7, 1, 5
2016/5/6, , 10, 16, 8, 2, 5
2016/5/7, , 9, 19, 8, 1, 5
2016/5/8, , 11, 19, 12, 1, 5
2016/5/9, , 11, 21, 12, , 5
2016/5/10, , 16, 25, 11, 1, 6
2016/5/11, , 17, 16, 9, 1, 6
2016/5/12, , 16, 18, 11, 1, 5
2016/5/13, , 13, 19, 10, , 5
2016/5/14, , 17, 22, 8, 3, 5
2016/5/15, , 13, 21, 9, 2, 5
2016/5/16, , 9, 24, 11, 3, 6
2016/5/17, , 10, 18, 9, 2, 5
2016/5/18, , 11, 15, 13, 3, 6
2016/5/19, , 13, 12, 11, 2, 6
2016/5/20, , 13, 6, 9, 2, 6
2016/5/21, , 12, 8, 11, 2, 7
2016/5/22, , 18, 11, 7, 2, 5
2016/5/23, , 13, 10, 8, 3, 5
2016/5/24, , 20, 10, 11, 4, 10
2016/5/25, , 19, 9, 11, 2, 6
2016/5/26, , 24, 14, 8, 1, 5
2016/5/27, , 20, 16, 13, 4, 6
2016/5/28, , 13, 15, 12, 17, 7
2016/5/29, , 15, 8, 15, 17, 9
2016/5/30, , 17, 8, 9, 2, 10
2016/5/31, , 20, 10, 6, 1, 9
2016/6/1, , 27, 12, 10, 1, 10
2016/6/2, , 19, 9, 13, 2, 8
2016/6/3, , 22, 15, 9, , 8
2016/6/4, , 28, 19, 7, , 7
2016/6/5, , 25, 18, 8, , 7
2016/6/6, , 25, 12, 8, , 8
2016/6/7, , 29, , , , 
2016/1/4, , 30, 11, 6, 4, 5
2016/1/5, , 20, 8, 6, 7, 4
2016/1/6, , 17, 12, 8, 8, 5
2016/1/7, , 29, 12, 7, 8, 4
2016/1/8, , 24, 14, 5, 7, 4
2016/1/9, , 33, 33, 3, 6, 4
2016/1/10, , 21, , , , 
2016/1/21, , 62, 11, 8, 2, 6
2016/1/22, , 62, 14, 8, 1, 6
2016/1/23, , 63, 14, 4, 1, 5
2016/1/24, , 64, , , , 
2016/3/6, , 70, 23, 31, 6, 7
2016/3/7, , 69, 28, 69, 7, 7
2016/3/8, , 66, 29, 63, 7, 8
2016/3/9, , 70, 31, 44, 6, 8
2016/3/10, , 72, 28, 23, 6, 8
2016/3/11, , 75, 20, 9, 7, 7
2016/3/12, , 72, 20, 6, 6, 7
2016/3/13, , 66, 22, 7, 6, 7
2016/3/14, , 69, 29, 9, 5, 7
2016/3/15, , 69, 155, 9, 5, 8
2016/3/16, , 59, 167, 10, 2, 7
2016/3/17, , 30, 28, 10, 1, 7
2016/3/18, , 41, 33, 11, 1, 8
2016/3/19, , 46, 33, 8, 1, 8
2016/3/20, , 33, 16, 8, 1, 7
2016/3/21, , 35, 20, 6, , 7
2016/3/22, , 43, 13, 8, 3, 6
2016/3/23, , 33, , 6, 1, 5
2016/3/24, , 21, , , , 
2016/3/28, , 22, 42, 8, , 4
2016/3/29, , 29, 39, 9, , 4
2016/3/30, , 38, 46, 11, , 5
2016/3/31, , 42, 32, 10, , 4
2015/10/1, , 15, 7, 13, , 10
2015/10/2, , 23, 12, 16, , 
2015/10/3, , 34, 10, 17, , 
2015/10/4, , 43, 17, 18, , 
2015/10/5, , 76, 12, 21, , 
2015/10/6, , 89, 14, 22, , 
2015/10/7, , 127, 13, 20, , 
2015/10/8, , 94, 7, 15, , 
2015/10/9, , 21, 9, 14, , 
2015/10/10, , 19, 11, 13, , 
2015/10/11, , 15, 8, 12, , 
2015/10/12, , 11, 11, 10, , 
2015/10/13, , 11, 11, 10, , 
2015/10/14, , 8, 10, 13, , 
2015/10/15, , 12, 14, 16, , 
2015/10/16, , 15, 14, 21, , 
2015/10/17, , 20, 14, 18, , 
2015/10/18, , 25, 9, 21, 1, 
2015/10/19, , 22, 9, 20, , 
2015/10/20, , 30, 12, 26, , 
2015/10/21, , 62, 11, 22, , 
2015/10/22, , 53, 23, 19, , 
2015/10/23, , 35, 20, 16, , 
2015/10/24, , 77, 14, 18, , 
2015/10/25, , 30, 11, 13, , 
2015/10/26, , 16, 14, 13, , 
2015/10/27, , 15, 13, 12, , 
2015/10/28, , 12, 8, 12, , 
2015/10/29, , 12, 12, 12, , 
2015/10/30, , 19, 12, 9, , 
2015/10/31, , 13, 12, 9, , 
2015/11/1, , 11, 11, 10, , 
2015/11/2, , 8, 10, 10, , 
2015/11/3, , 9, 11, 12, , 
2015/11/4, , 10, 13, 12, , 
2015/11/5, , 10, 12, 17, , 
2015/11/6, , 7, 10, 17, , 
2015/11/7, , 10, 11, 13, , 
2015/11/8, , 11, 14, 16, , 
2015/11/9, , 15, 11, 10, , 
2015/11/10, , 9, 10, 13, , 
2015/11/11, , 10, 10, 12, , 
2015/11/12, , 11, 8, 12, , 
2015/11/13, , 11, 9, 12, , 
2015/11/14, , 11, 9, 12, , 
2015/11/15, , 9, 8, 16, , 
2015/11/16, , 10, 19, 18, , 
2015/11/17, , 14, 11, 12, , 
2015/11/18, , 10, 10, 12, , 
2015/11/19, , 9, 11, 15, , 
2015/11/20, , 9, 12, 15, , 
2015/11/21, , 9, 14, 14, , 
2015/11/22, , 9, 14, 10, , 
2015/11/23, , 9, 13, 11, 80, 
2015/11/24, , 8, 9, 11, 2, 
2015/11/25, , 10, 13, 15, 1, 
2015/11/26, , 11, 17, 10, 2, 
2015/11/27, , 16, 15, 9, 2, 
2015/11/28, , 27, 12, 7, 2, 
2015/11/29, , 8, 13, 12, 1, 
2015/11/30, , 12, 11, 11, 1, 
2015/12/1, , 11, 14, 14, 1, 
2015/12/2, , 17, 8, 13, 1, 
2015/12/3, , 13, 10, 11, 1, 
2015/12/4, , 11, 10, 7, 5, 
2015/12/5, , 11, 12, 6, 10, 
2015/12/6, , 8, 12, 8, 9, 
2015/12/7, , 18, 18, 8, 9, 
2015/12/8, , 12, 16, 8, 8, 
2015/12/9, , 9, 11, 8, 9, 
2015/12/10, , 7, 9, 12, 10, 
2015/12/11, , 15, 11, 12, 9, 
2015/12/12, , 13, 11, 13, 10, 
2015/12/13, , 17, 12, 13, 10, 5
2015/12/14, , 14, 7, 16, 7, 9
2015/12/15, , 11, 8, 15, 1, 5
2015/12/17, , 17, 26, 6, , 4
2015/12/18, , 17, 26, 4, , 4
2015/12/19, , 27, 28, 2, , 4
2015/12/20, , 24, 28, 7, 2, 4
2015/12/21, , 26, 32, 6, 2, 5
2015/12/22, , 32, 17, 5, 1, 4
2015/12/23, , 16, 10, 7, 1, 4
2015/12/24, , 15, 11, 7, 1, 5
2015/12/25, , 18, 17, 4, 1, 3
2015/12/26, , 16, 13, 4, 1, 3
2015/12/27, , 24, 15, 5, 6, 3
2015/12/28, , 26, 16, 6, 4, 3
2015/12/29, , 19, 16, 6, 4, 3
2015/12/30, , 31, , , , 
2016/1/3, , 28, 22, 8, 3, 6
2015/7/11, , 32, 6, 6, , 3
2015/7/12, , 31, 6, 9, , 4
2015/7/13, , 26, 8, 9, , 4
2015/7/14, , 30, 8, 10, , 4
2015/7/15, , 29, 8, 14, , 6
2015/7/16, , 31, 13, 12, , 5
2015/7/17, , 26, 11, 14, , 6
2015/7/18, , 40, 9, 10, , 4
2015/7/19, , 26, 16, 14, , 5
2015/7/20, , 24, 9, 16, , 6
2015/7/21, , 25, 6, 16, , 7
2015/7/22, , 34, 12, 14, , 6
2015/7/23, , 38, 12, 16, , 6
2015/7/24, , 46, 10, 15, , 5
2015/7/25, , 33, 8, 13, , 5
2015/7/26, , 32, 8, 15, , 6
2015/7/27, , 31, 20, 13, , 5
2015/7/28, , 33, 11, 16, , 6
2015/7/29, , 40, 10, 17, , 6
2015/7/30, , 37, 9, 14, , 5
2015/7/31, , 23, 5, 16, , 6
2015/8/1, , 27, 13, 14, , 5
2015/8/2, , 22, 11, 15, , 5
2015/8/3, , 16, 9, 14, , 5
2015/8/4, , 21, 20, 10, , 4
2015/8/5, , 22, 8, 7, , 4
2015/8/6, , 24, 16, 11, , 4
2015/8/7, , 21, 10, 6, , 3
2015/8/8, , 25, 9, 7, , 3
2015/8/9, , 21, 7, 11, , 4
2015/8/10, , 19, 10, 17, , 7
2015/8/11, , 22, 4, 17, , 7
2015/8/12, , 23, 5, 14, , 6
2015/8/13, , 19, 14, 12, , 6
2015/8/14, , 26, 7, 10, , 5
2015/8/15, , 25, 11, 12, , 5
2015/8/16, , 25, 11, 16, , 6
2015/8/17, , 28, 8, 16, , 6
2015/8/18, , 28, 8, 11, , 5
2015/8/19, , 21, 8, 8, , 6
2015/8/20, , 19, 7, 8, , 6
2015/8/21, , 19, 8, 10, , 6
2015/8/22, , 22, 9, 10, , 6
2015/8/23, , 23, 12, 11, , 7
2015/8/24, , 29, 8, 10, , 6
2015/8/25, , 28, 6, 18, , 9
2015/8/26, , 38, 15, 21, , 12
2015/8/27, , 75, 16, 19, , 11
2015/8/28, , 67, 18, 17, , 10
2015/8/29, , 50, 15, 12, , 8
2015/8/30, , 29, 7, 12, 7, 7
2015/8/31, , 19, 9, 14, 1, 8
2015/9/1, , 16, 11, 18, , 10
2015/9/2, , 24, 12, 16, , 10
2015/9/3, , 33, 13, 17, , 12
2015/9/4, , 49, 11, 14, , 9
2015/9/5, , 26, 8, 13, , 9
2015/9/6, , 19, 10, 17, , 9
2015/9/7, , 22, 10, 14, , 9
2015/9/8, , 20, 9, 14, , 8
2015/9/9, , 17, 7, 14, 1, 8
2015/9/10, , 15, 9, 15, , 7
2015/9/11, , 13, 9, 13, , 7
2015/9/12, , 16, 12, 11, , 7
2015/9/13, , 14, 8, 14, , 8
2015/9/14, , 26, 17, 12, , 7
2015/9/15, , 23, 10, 10, , 6
2015/9/16, , 17, 11, 11, , 7
2015/9/17, , 19, 16, 18, , 14
2015/9/18, , 67, 18, 12, , 12
2015/9/19, , 76, 11, 13, , 12
2015/9/20, , 62, 13, 16, , 13
2015/9/21, , 69, 11, 10, , 10
2015/9/22, , 49, 14, 11, , 9
2015/9/23, , 25, 13, 12, , 8
2015/9/24, , 12, 14, 10, , 11
2015/9/25, , 13, 13, 11, , 12
2015/9/26, , 17, 11, 10, , 12
2015/9/27, , 13, 9, 17, , 13
2015/9/28, , 19, 9, 15, , 14
2015/9/29, , 16, 7, 13, , 14
2015/9/30, , 17, 8, 14, , 15
2015/4/1, , 28, 6, 18, 1, 
2015/4/9, , 27, , 9, , 
2015/4/20, , 25, 4, 10, , 3
2015/4/21, , 25, , 8, , 3
2015/4/30, , 12, 8, 8, , 
2015/5/1, , 11, 4, 9, , 
2015/5/2, , 6, , , , 
2015/5/6, , 9, , , , 
2015/5/9, , 13, , 9, 2, 3
2015/5/10, , 12, , 9, 2, 1
2015/5/11, , 11, , 10, , 2
2015/5/12, , 14, , 9, 2, 2
2015/5/13, , 14, 7, 10, 2, 2
2015/5/14, , 12, , 11, , 2
2015/5/15, , 17, , , , 
2015/5/18, , 13, , 10, , 2
2015/5/19, , 16, , , , 
2015/5/21, , 12, , 6, , 3
2015/5/22, , 10, , , , 
2015/5/25, , 18, , 12, 7, 2
2015/5/26, , 18, , 21, 3, 5
2015/5/27, , 24, , 15, 3, 3
2015/5/28, , 19, , 10, 4, 3
2015/5/29, , 24, , , , 
2015/6/1, , 19, , 10, 4, 2
2015/6/2, , 12, , 12, 4, 3
2015/6/3, , 15, 7, 13, 5, 3
2015/6/4, , 19, , 13, 1, 3
2015/6/5, , 13, , , , 
2015/1/1, , 22, , 2, 4, 
2015/1/2, , 22, , 3, , 8
2015/1/3, , 27, 1, 6, 4, 10
2015/1/4, , 30, , 11, 5, 10
2015/1/5, , 31, , 11, 4, 10
2015/1/6, , 21, , 11, 4, 10
2015/1/7, , 12, , 11, , 8
2015/1/8, , 10, 1, 8, , 8
2015/1/9, , 13, , 9, , 8
2015/1/10, , 17, 1, 6, , 8
2015/1/11, , 24, 1, 4, , 8
2015/1/12, , 30, , , , 
2015/1/16, , 23, , , , 
2015/2/12, , 46, 17, 21, , 11
2015/2/13, , 52, , , , 
2015/2/15, , 40, , , , 
2015/2/17, , 40, 8, 10, , 8
2015/2/19, , 24, 6, 11, , 8
2015/2/23, , 23, 7, 17, , 
2015/2/24, , 25, 8, , , 
2015/3/5, , 29, 5, , , 
2015/3/6, , 31, , , , 
2015/3/17, , 36, 8, 18, , 
2015/3/18, , 37, 12, 13, , 
2015/3/20, , 49, , , , 
2015/3/24, , 38, , , , 
2015/3/26, , 34, 7, 11, 1, 
2015/3/27, , 35, , , , 
2015/3/30, , 29, 8, 9, 2, 
2014/10/1, , 25, 10, 10, 3, 9
2014/10/2, , 23, 7, 11, 3, 8
2014/10/3, , 30, 11, 9, 4, 6
2014/10/8, , 33, 23, 12, 3, 8
2014/10/9, , 16, 24, 12, 2, 7
2014/10/10, , 21, 20, 9, 2, 6
2014/10/11, , 13, 14, 7, 2, 6
2014/10/12, , 9, 16, 8, 2, 6
2014/10/13, , 8, 26, 8, 2, 7
2014/10/14, , 16, 24, 4, 2, 5
2014/10/15, , 11, 25, 5, 2, 6
2014/10/16, , 8, 26, 8, 2, 7
2014/10/17, , 21, 24, 11, 3, 7
2014/10/18, , 16, 21, 11, 3, 8
2014/10/19, , 11, 21, 12, 3, 8
2014/10/20, , 8, 31, 12, 2, 9
2014/10/21, , 13, 24, 11, 2, 9
2014/10/22, , 24, 19, 14, 4, 10
2014/10/23, , 20, 16, 12, 3, 9
2014/10/24, , 22, 19, 12, 5, 9
2014/10/25, , 14, 21, 9, 3, 8
2014/10/26, , 15, 26, 10, 2, 7
2014/10/27, , 11, 22, 9, 7, 8
2014/10/28, , 12, , , , 
2014/11/18, , 10, 29, 7, 7, 8
2014/11/19, , 14, 32, 6, 7, 8
2014/11/20, , 20, 30, 9, 8, 9
2014/11/21, , 18, 25, 11, 8, 9
2014/11/22, , 18, 19, 6, 8, 7
2014/11/28, , 9, 17, 9, 11, 8
2014/11/29, , 9, , , , 
2014/12/1, , 10, 28, 10, 11, 8
2014/12/2, , 10, 26, 12, 13, 9
2014/12/3, , 10, 24, 11, 13, 10
2014/12/5, , 10, 15, 9, 3, 8
2014/12/6, , 10, 18, 7, 5, 7
2014/12/7, , 10, 2, 11, 5, 9
2014/12/8, , 10, , 7, 7, 8
2014/12/9, , 9, , 8, 6, 8
2014/12/10, , 8, , 13, 8, 10
2014/12/11, , 6, , 8, 8, 10
2014/12/12, , 9, , 6, 9, 10
2014/12/13, , 11, , 3, 9, 9
2014/12/14, , 10, , 6, 12, 11
2014/12/15, , 11, , 8, 14, 12
2014/12/16, , 16, , 6, 13, 11
2014/12/17, , 15, , 4, 14, 11
2014/12/18, , 14, , 5, 16, 12
2014/12/19, , 29, , 4, 19, 11
2014/12/20, , 30, 1, 4, 17, 10
2014/12/21, , 24, , 10, 4, 9
2014/12/22, , 27, , 3, 4, 8
2014/12/23, , 33, , 4, , 9
2014/12/24, , 42, 1, 8, , 10
2014/12/25, , 34, 1, 7, 4, 8
2014/12/26, , 25, , 6, 4, 7
2014/12/27, , 8, 1, 4, 4, 7
2014/12/28, , 11, , , , 
2014/7/1, , 13, 13, 13, 3, 9
2014/7/2, , 19, 11, 8, 3, 7
2014/7/3, , 14, 15, 7, 3, 6
2014/7/4, , 11, 15, 8, 3, 6
2014/7/5, , 12, 19, 8, 2, 6
2014/7/6, , 15, 16, 9, 2, 7
2014/7/7, , 10, 18, 6, 6, 6
2014/7/8, , 15, 17, 5, 3, 6
2014/7/9, , 21, 17, 5, 5, 6
2014/7/10, , 19, 17, 4, 3, 6
2014/7/11, , 22, 17, 4, 2, 5
2014/7/12, , 28, 16, 4, 2, 6
2014/7/13, , 34, 14, 10, 2, 8
2014/7/14, , 36, 12, 11, 2, 8
2014/7/15, , 23, 12, 10, 4, 8
2014/7/16, , 15, 11, 13, 2, 7
2014/7/17, , 20, 16, , 3, 7
2014/7/18, , 20, 21, , 3, 8
2014/7/19, , 22, 19, , 4, 8
2014/7/20, , 27, 15, , 4, 10
2014/7/21, , 24, 11, 9, 3, 10
2014/7/22, , 23, 16, 4, 1, 6
2014/7/23, , 27, 21, 7, 1, 8
2014/7/24, , 27, 7, 10, 1, 10
2014/7/25, , 19, 12, 9, 2, 8
2014/7/26, , 15, 14, 7, 1, 8
2014/7/27, , 14, 12, 3, 2, 6
2014/7/28, , 18, 15, 4, 2, 11
2014/7/29, , 17, 13, 4, 2, 7
2014/7/30, , 19, 11, 6, 1, 8
2014/7/31, , 23, 12, 4, 2, 7
2014/8/1, , 31, 17, 5, 2, 7
2014/8/2, , 30, 16, 4, 2, 7
2014/8/3, , 29, 17, 6, 2, 8
2014/8/4, , 23, 14, 5, 2, 8
2014/8/5, , 12, 16, 7, 2, 8
2014/8/6, , 10, 16, 8, 3, 9
2014/8/7, , 10, 19, 11, 5, 9
2014/8/8, , 14, 21, 11, 6, 9
2014/8/9, , 11, 30, 11, 6, 9
2014/8/10, , 19, 16, 7, 5, 8
2014/8/11, , 14, 13, 5, 6, 8
2014/8/12, , 9, 11, 6, 6, 8
2014/8/13, , 11, 13, 7, 5, 8
2014/8/14, , 12, 11, 8, 5, 9
2014/8/15, , 8, 11, 10, 6, 9
2014/8/16, , 9, 8, 8, 7, 9
2014/8/17, , 9, 12, 12, 7, 11
2014/8/18, , 10, 14, 10, 7, 9
2014/8/19, , 13, 11, 8, 5, 8
2014/8/20, , 11, 11, 7, 7, 9
2014/8/21, , 15, 12, 7, 8, 9
2014/8/22, , 19, 18, 5, 17, 8
2014/8/23, , 12, 17, 8, 64, 9
2014/8/24, , 8, 43, 15, 24, 22
2014/8/25, , 6, 9, 7, 1, 5
2014/8/26, , 10, 12, 10, 1, 5
2014/8/27, , 9, 9, 14, 2, 8
2014/8/28, , 11, 11, 10, 3, 7
2014/8/29, , 16, 14, 12, 3, 6
2014/8/30, , 17, 23, 11, 3, 6
2014/8/31, , 18, 21, 13, 1, 6
2014/9/1, , 18, 14, 9, 1, 5
2014/9/2, , 15, 14, 10, 1, 6
2014/9/3, , 10, 12, 8, , 5
2014/9/4, , 9, 11, 6, 4, 6
2014/9/5, , 7, 14, 6, 1, 4
2014/9/6, , 8, 14, 8, 1, 6
2014/9/7, , 11, 16, 10, 2, 6
2014/9/8, , 12, 14, 11, 2, 7
2014/9/9, , 7, 13, 10, 1, 6
2014/9/10, , 8, 16, 9, 1, 6
2014/9/11, , 9, 13, 11, 1, 6
2014/9/12, , 9, 16, 6, 2, 5
2014/9/13, , 8, 18, 7, 2, 5
2014/9/14, , 6, 18, 5, 5, 5
2014/9/15, , 6, 10, 12, 3, 7
2014/9/16, , 10, 15, 9, 3, 7
2014/9/17, , 9, 36, 12, 1, 8
2014/9/18, , 22, 19, 12, 1, 8
2014/9/19, , 47, 11, 9, 1, 6
2014/9/20, , 19, 11, 6, 1, 5
2014/9/21, , 7, 14, 8, 1, 5
2014/9/22, , 9, 13, 8, 1, 7
2014/9/23, , 8, 8, 8, 1, 6
2014/9/24, , 11, 23, 8, 2, 6
2014/9/25, , 11, 26, 11, 1, 7
2014/9/26, , 8, 26, 12, 2, 7
2014/9/27, , 13, 5, 11, 2, 7
2014/9/28, , 19, 17, 10, 1, 7
2014/9/30, , 14, 11, 11, 2, 9
2014/4/1, , 17, 4, 9, 7, 8
2014/4/2, , 26, 4, 16, , 6
2014/4/3, , 25, , 12, , 10
2014/4/4, , 29, 7, 13, , 5
2014/4/5, , 19, 14, 2, , 1
2014/4/6, , 19, 16, 10, , 2
2014/4/7, , 13, , 13, 1, 5
2014/4/9, , 25, 13, 8, , 2
2014/4/10, , 34, 15, 9, , 2
2014/4/12, , 45, 11, , , 
2014/4/13, , 39, , , , 2
2014/4/16, , 24, , , , 
2014/4/18, , 17, , 11, 2, 3
2014/4/19, , 24, , 5, , 2
2014/4/20, , 23, 35, 12, 1, 8
2014/4/21, , 24, 49, 8, 1, 6
2014/4/22, , 20, 53, 9, 2, 7
2014/4/23, , 21, , 13, 1, 8
2014/4/24, , 23, , 10, 1, 6
2014/4/25, , 24, , , , 
2014/4/27, , 23, 8, 10, 1, 7
2014/4/28, , 21, 7, 14, , 10
2014/4/29, , 24, 8, 10, 4, 8
2014/4/30, , 20, 45, 8, 2, 7
2014/5/1, , 24, 48, 8, 2, 7
2014/5/2, , 23, , , , 
2014/5/6, , 14, 10, 7, , 6
2014/5/7, , 19, 12, 9, , 7
2014/5/8, , 20, , , , 
2014/5/12, , 19, , , , 
2014/5/14, , 15, 14, 10, , 8
2014/5/15, , 12, 13, 11, , 8
2014/5/16, , 15, , , , 
2014/5/19, , 24, 11, 14, , 8
2014/5/20, , 20, 16, 9, , 7
2014/5/21, , 20, 17, 9, , 6
2014/5/22, , 20, 3, 15, , 13
2014/5/23, , 20, , , , 
2014/5/27, , 22, 9, 13, 4, 8
2014/5/28, , 16, , , , 
2014/5/30, , 10, , , , 
2014/6/2, , 18, 10, 6, 11, 8
2014/6/3, , 22, 4, 7, 11, 10
2014/6/4, , 15, 2, 26, 2, 24
2014/6/5, , 12, 8, 10, , 11
2014/6/6, , 20, , , , 
2014/6/9, , 32, 8, 5, 4, 8
2014/6/10, , 20, 7, , 12, 7
2014/6/11, , 14, 8, 7, 2, 10
2014/6/12, , 21, 8, 8, , 7
2014/6/13, , 28, , , , 
2014/6/16, , 27, , 20, 17, 14
2014/6/17, , 28, , 9, 18, 4
2014/6/18, , 42, , 8, 20, 8
2014/6/19, , 50, , 11, 18, 10
2014/6/20, , 49, 8, 9, 12, 7
2014/6/22, , 31, 11, 5, 12, 6
2014/6/23, , 27, 11, 6, 14, 7
2014/6/24, , 25, 16, 12, 14, 8
2014/6/25, , 26, 19, 13, 13, 8
2014/6/26, , 29, 13, 13, 4, 8
2014/6/27, , 29, 14, 7, 2, 6
2014/6/28, , 25, 13, 6, 1, 6
2014/6/29, , 17, 14, 10, 3, 7
2014/6/30, , 11, 10, 12, 2, 9
2014/1/20, , 36, 54, , , 
2014/1/24, , 64, 90, , , 
2014/1/29, , 34, 28, , , 5
2014/1/30, , 32, 38, , , 6
2014/1/31, , 33, 36, , , 
2014/2/5, , 36, 18, 14, , 10
2014/2/6, , 36, 27, 12, 2, 8
2014/2/7, , 43, 20, 10, 1, 8
2014/2/8, , 36, 23, 13, 1, 7
2014/2/9, , 32, 16, , , 
2019/4/8, , , 11, , , 
2019/4/9, , , 10, , , 
2019/5/7, , , 10, , , 
2019/6/16, , , 5, , , 
2019/6/17, , , 5, , , 
2019/6/18, , , 3, , , 
2018/11/1, , , 14, , , 
2018/11/2, , , 12, , , 
2018/11/3, , , 9, , , 
2018/11/4, , , 8, , , 
2018/11/5, , , 10, , , 
2018/11/6, , , 7, , , 
2018/11/7, , , 4, , , 
2018/11/8, , , 5, , , 
2018/11/9, , , 6, , , 
2018/11/10, , , 5, , , 
2018/11/11, , , 5, , , 
2018/11/12, , , 6, , , 
2018/11/13, , , 6, , , 
2018/11/14, , , 5, , , 
2018/11/15, , , 5, , , 
2018/11/16, , , 5, , , 
2018/11/17, , , 6, , , 
2018/11/18, , , 5, , , 
2018/11/19, , , 6, , , 
2018/11/20, , , 5, , , 
2018/11/21, , , , , , 
2018/9/13, , , 4, , , 
2018/9/14, , , 3, , , 
2018/9/15, , , 6, , , 
2018/9/16, , , 6, , , 
2018/9/17, , , 5, , , 
2018/5/6, , , 6, 6, , 
2017/12/7, , , 9, 6, , 
2017/9/8, , , 4, 6, , 
2017/6/25, , , 3, 7, , 
2016/10/15, , , 8, 4, 1, 
2016/10/16, , , 14, 5, 1, 
2016/6/30, , , 15, 11, 23, 5
2016/4/7, , , 28, 6, 1, 4
2016/1/20, , , 11, 8, 1, 5
2016/3/5, , , 35, 11, 5, 7
2016/3/27, , , 34, 11, 1, 4
2015/12/16, , , 18, 9, , 4
2016/1/2, , , 22, 4, 3, 5
2015/7/10, , , 5, 8, , 4
2015/3/31, , , 6, 15, 2, 
2015/4/2, , , 4, 13, 1, 
2015/4/6, , , 11, 8, 1, 
2015/4/7, , , 8, 8, , 
2015/4/8, , , 7, 9, , 
2015/4/15, , , 9, 3, 4, 
2015/4/16, , , 6, 8, , 2
2015/4/19, , , 8, 13, , 2
2015/4/26, , , 9, 7, , 1
2015/4/27, , , 8, 7, , 1
2015/4/28, , , 9, 11, , 1
2015/4/29, , , 11, 11, , 
2015/5/17, , , 3, 9, 3, 1
2015/5/20, , , 3, 9, 2, 2
2014/12/31, , , , 6, 4, 9
2015/1/15, , , 19, 14, 44, 8
2015/2/11, , , 16, 8, , 8
2015/2/14, , , 23, 8, , 8
2015/2/16, , , 8, 17, , 10
2015/2/22, , , 6, 8, , 
2015/2/25, , , 7, 17, , 
2015/2/26, , , 5, 15, , 
2015/3/1, , , 8, 10, 1, 
2015/3/2, , , 9, , , 
2015/3/4, , , 2, , , 1
2015/3/8, , , 4, , , 
2015/3/9, , , 7, 9, , 
2015/3/10, , , 6, 14, , 
2015/3/11, , , 13, 11, , 
2015/3/12, , , 15, 9, , 
2015/3/15, , , 9, 16, , 
2015/3/16, , , 16, 14, , 
2015/3/19, , , 9, 10, , 
2015/3/23, , , 11, 9, 1, 2
2015/3/25, , , 8, 10, 1, 
2015/3/29, , , 8, 7, 2, 
2014/10/4, , , 16, 4, 3, 5
2014/10/5, , , 18, 10, 2, 7
2014/10/6, , , 17, 9, 3, 6
2014/10/7, , , 13, 13, 3, 8
2014/11/16, , , 30, 5, 7, 7
2014/11/17, , , 28, 8, 8, 7
2014/11/23, , , 17, 7, 9, 8
2014/11/24, , , 19, 8, 8, 8
2014/11/25, , , 21, 9, 9, 9
2014/11/26, , , 19, 10, 12, 9
2014/11/27, , , 18, 10, 11, 9
2014/11/30, , , 19, 11, 11, 9
2014/12/4, , , 24, 8, 12, 11
2014/9/29, , , 13, 11, 2, 9
2014/4/8, , , 8, 7, 1, 2
2014/4/17, , , 6, 13, , 3
2014/5/5, , , 10, 6, , 6
2014/5/11, , , 4, 17, , 13
2014/5/13, , , 7, 14, , 8
2014/5/18, , , 8, 17, , 13
2014/5/25, , , 9, 5, , 6
2014/5/26, , , 8, 11, 7, 8
2014/5/29, , , 6, 10, , 10
2014/6/1, , , 8, 4, 8, 11
2014/6/8, , , 6, 3, 17, 8
2014/6/21, , , 8, 7, 11, 6
2014/1/17, , , 16, , , 
2014/1/26, , , 41, , , 
2024/12/31, , , , 1, , 
2024/6/19, , , , 3, , 
2017/10/3, , , , 4, , 
2017/9/26, , , , 5, , 
2015/4/22, , , , 9, , 2
2015/4/23, , , , 12, , 2
2015/5/5, , , , 9, 2, 2
2015/5/8, , , , 10, 1, 2
2015/5/24, , , , 9, 5, 2
2015/5/31, , , , 11, 5, 2
2015/2/18, , , , 3, , 6
2014/3/31, , , , 13, 4, 10
2014/4/15, , , , 3, , 2
2014/4/26, , , , 5, , 6
2014/6/15, , , , 24, 14, 20
2014/1/19, , , , 3, 5, 7
2014/1/25, , , , 1, 2, 7
2014/2/4, , , , 18, 17, 12
2018/11/22, , , , , , 
2018/11/23, , , , , , 
2018/11/24, , , , , , 
2018/11/25, , , , , , 
2014/4/11, , , , , 1, 3
2018/12/31, , , , , , 
2016/8/8, , , , , , 3
2014/1/23, , , , , , 7
2014/1/28, , , , , , 6