date, pm25, pm10, o3, no2, so2, co, aqi
2025/10/1, 51, 20, 8, 1, , , 
2025/10/2, 48, 24, 8, 1, , , 
2025/10/3, 58, 15, 10, , , , 
2025/10/4, 32, 18, 15, 1, , , 
2025/10/5, 44, , , , , , 
2025/7/28, 25, 32, 17, 1, 1, , 63
2025/7/29, 78, 22, 13, 1, 1, , 64
2025/7/30, 52, 25, 15, 1, , , 58
2025/7/31, 61, 26, 10, , , , 56
2025/8/1, 63, 25, 14, 1, , , 59
2025/8/2, 63, 29, 13, , , , 57
2025/8/3, 72, 15, 13, , , , 64
2025/8/4, 43, 12, 11, , , , 
2025/8/5, 33, 25, 9, 1, , , 
2025/8/6, 61, 18, 13, 1, , , 
2025/8/7, 53, 25, 12, 1, , , 
2025/8/8, 68, 18, 13, 1, , , 
2025/8/9, 50, 17, 11, 1, , , 
2025/8/10, 42, 14, 6, , , , 
2025/8/11, 31, 19, 10, 1, , , 
2025/8/12, 47, 15, 9, 1, , , 
2025/8/13, 34, 16, 7, 1, , , 
2025/8/14, 36, 17, 8, , , , 
2025/8/15, 44, 23, 11, 1, , , 
2025/8/16, 57, 33, 12, 2, , , 
2025/8/17, 84, 20, 14, 1, , , 
2025/8/18, 58, 16, 14, , , , 
2025/8/19, 48, 25, 13, 1, , , 
2025/8/20, 67, 16, 10, 1, , , 
2025/8/21, 43, 20, 12, , , , 
2025/8/22, 54, 19, 12, , , , 
2025/8/23, 56, 15, 6, , , , 
2025/8/24, 37, 17, 7, 1, , , 
2025/8/25, 44, 24, 12, 1, , , 
2025/8/26, 63, 26, 13, 1, , , 
2025/8/27, 65, 14, 10, , , , 
2025/8/28, 33, 15, 7, , 1, , 
2025/8/29, 35, 22, 6, 1, , , 
2025/8/30, 50, 23, 7, 1, , , 
2025/8/31, 49, 16, 10, , , , 
2025/9/1, 31, 15, 9, 1, , , 
2025/9/2, 28, 14, 7, , 1, , 
2025/9/3, 28, 18, 7, 1, , , 
2025/9/4, 37, 19, 5, 1, , , 
2025/9/5, 36, 27, 11, 1, , , 
2025/9/6, 56, 22, 10, 1, 1, , 
2025/9/7, 51, 24, 11, 1, , , 
2025/9/8, 59, 18, 9, 1, , , 
2025/9/9, 44, 22, 9, 1, , , 
2025/9/10, 49, 26, 7, 1, , , 
2025/9/11, 59, 17, 6, , , , 
2025/9/12, 41, 12, 7, 1, , , 
2025/9/13, 25, 16, 8, 1, , , 
2025/9/14, 34, 20, 7, 1, , , 
2025/9/15, 45, 20, 9, 1, , , 
2025/9/16, 45, 18, 8, 1, , , 
2025/9/17, 40, 22, 7, 1, , , 
2025/9/18, 53, 29, 10, 1, , , 
2025/9/19, 67, 31, 7, 1, , , 
2025/9/20, 77, 31, 8, 1, , , 
2025/9/21, 76, 31, 9, 1, , , 
2025/9/22, 76, 31, 10, 1, , , 
2025/9/23, 78, 32, 7, 1, , , 
2025/9/24, 83, 29, 9, 2, 1, , 
2025/9/25, 67, 27, 9, 1, , , 
2025/9/26, 64, 19, 9, 1, 1, , 
2025/9/27, 49, 15, 6, 1, 1, , 
2025/9/28, 30, 18, 6, , , , 
2025/9/29, 44, 18, 8, 1, , , 
2025/9/30, 42, 20, 7, 1, , , 
2025/7/27, , 12, 7, 1, 1, , 56
2025/7/1, , , , , , , 71
2025/7/2, , , , , , , 62
2025/7/3, , , , , , , 52
2025/7/4, , , , , , , 60
2025/7/5, , , , , , , 58
2025/7/6, , , , , , , 47
2025/7/7, , , , , , , 58
2025/7/8, , , , , , , 49
2025/7/9, , , , , , , 66
2025/7/10, , , , , , , 65
2025/7/11, , , , , , , 54
2025/7/12, , , , , , , 58
2025/7/13, , , , , , , 50
2025/7/14, , , , , , , 70
2025/7/15, , , , , , , 42
2025/7/16, , , , , , , 48
2025/7/17, , , , , , , 51
2025/7/18, , , , , , , 67
2025/7/19, , , , , , , 82
2025/7/20, , , , , , , 80
2025/7/21, , , , , , , 75
2025/7/22, , , , , , , 70
2025/7/23, , , , , , , 75
2025/7/24, , , , , , , 73
2025/7/25, , , , , , , 61
2025/7/26, , , , , , , 67
2025/4/1, , , , , , , 87
2025/4/2, , , , , , , 54
2025/4/3, , , , , , , 56
2025/4/4, , , , , , , 49
2025/4/5, , , , , , , 37
2025/4/6, , , , , , , 54
2025/4/7, , , , , , , 54
2025/4/8, , , , , , , 60
2025/4/9, , , , , , , 56
2025/4/10, , , , , , , 54
2025/4/11, , , , , , , 37
2025/4/12, , , , , , , 45
2025/4/13, , , , , , , 54
2025/4/14, , , , , , , 58
2025/4/15, , , , , , , 42
2025/4/16, , , , , , , 45
2025/4/17, , , , , , , 32
2025/4/18, , , , , , , 37
2025/4/19, , , , , , , 49
2025/4/20, , , , , , , 49
2025/4/21, , , , , , , 45
2025/4/22, , , , , , , 37
2025/4/23, , , , , , , 57
2025/4/24, , , , , , , 40
2025/4/25, , , , , , , 37
2025/4/26, , , , , , , 46
2025/4/27, , , , , , , 31
2025/4/28, , , , , , , 41
2025/4/29, , , , , , , 56
2025/4/30, , , , , , , 57
2025/5/1, , , , , , , 55
2025/5/2, , , , , , , 40
2025/5/3, , , , , , , 33
2025/5/4, , , , , , , 34
2025/5/5, , , , , , , 29
2025/5/6, , , , , , , 49
2025/5/7, , , , , , , 38
2025/5/8, , , , , , , 48
2025/5/9, , , , , , , 52
2025/5/10, , , , , , , 52
2025/5/11, , , , , , , 55
2025/5/12, , , , , , , 56
2025/5/13, , , , , , , 36
2025/5/14, , , , , , , 50
2025/5/15, , , , , , , 53
2025/5/16, , , , , , , 53
2025/5/17, , , , , , , 36
2025/5/18, , , , , , , 55
2025/5/19, , , , , , , 44
2025/5/20, , , , , , , 60
2025/5/21, , , , , , , 36
2025/5/22, , , , , , , 33
2025/5/23, , , , , , , 27
2025/5/24, , , , , , , 28
2025/5/25, , , , , , , 25
2025/5/26, , , , , , , 23
2025/5/27, , , , , , , 34
2025/5/28, , , , , , , 32
2025/5/29, , , , , , , 27
2025/5/30, , , , , , , 45
2025/5/31, , , , , , , 69
2025/6/1, , , , , , , 53
2025/6/2, , , , , , , 70
2025/6/3, , , , , , , 83
2025/6/4, , , , , , , 50
2025/6/5, , , , , , , 45
2025/6/6, , , , , , , 53
2025/6/7, , , , , , , 71
2025/6/8, , , , , , , 44
2025/6/9, , , , , , , 39
2025/6/10, , , , , , , 25
2025/6/11, , , , , , , 23
2025/6/12, , , , , , , 64
2025/6/13, , , , , , , 64
2025/6/14, , , , , , , 69
2025/6/15, , , , , , , 60
2025/6/16, , , , , , , 58
2025/6/17, , , , , , , 60
2025/6/18, , , , , , , 50
2025/6/19, , , , , , , 35
2025/6/20, , , , , , , 38
2025/6/21, , , , , , , 50
2025/6/22, , , , , , , 37
2025/6/23, , , , , , , 62
2025/6/24, , , , , , , 55
2025/6/25, , , , , , , 56
2025/6/26, , , , , , , 63
2025/6/27, , , , , , , 59
2025/6/28, , , , , , , 63
2025/6/29, , , , , , , 58
2025/6/30, , , , , , , 75
2025/1/1, , , , , , , 76
2025/1/2, , , , , , , 82
2025/1/3, , , , , , , 70
2025/1/4, , , , , , , 69
2025/1/5, , , , , , , 43
2025/1/6, , , , , , , 58
2025/1/7, , , , , , , 57
2025/1/8, , , , , , , 70
2025/1/9, , , , , , , 68
2025/1/10, , , , , , , 72
2025/1/11, , , , , , , 62
2025/1/12, , , , , , , 57
2025/1/13, , , , , , , 62
2025/1/14, , , , , , , 65
2025/1/15, , , , , , , 74
2025/1/16, , , , , , , 48
2025/1/17, , , , , , , 45
2025/1/18, , , , , , , 44
2025/1/19, , , , , , , 56
2025/1/20, , , , , , , 55
2025/1/21, , , , , , , 69
2025/1/22, , , , , , , 70
2025/1/23, , , , , , , 81
2025/1/24, , , , , , , 66
2025/1/25, , , , , , , 55
2025/1/26, , , , , , , 55
2025/1/27, , , , , , , 53
2025/1/28, , , , , , , 58
2025/1/29, , , , , , , 56
2025/1/30, , , , , , , 56
2025/1/31, , , , , , , 65
2025/2/1, , , , , , , 130
2025/2/2, , , , , , , 98
2025/2/3, , , , , , , 75
2025/2/4, , , , , , , 62
2025/2/5, , , , , , , 59
2025/2/6, , , , , , , 62
2025/2/7, , , , , , , 69
2025/2/8, , , , , , , 65
2025/2/9, , , , , , , 58
2025/2/10, , , , , , , 62
2025/2/11, , , , , , , 60
2025/2/12, , , , , , , 74
2025/2/13, , , , , , , 68
2025/2/14, , , , , , , 55
2025/2/15, , , , , , , 55
2025/2/16, , , , , , , 58
2025/2/17, , , , , , , 62
2025/2/18, , , , , , , 48
2025/2/19, , , , , , , 50
2025/2/20, , , , , , , 49
2025/2/21, , , , , , , 49
2025/2/22, , , , , , , 50
2025/2/23, , , , , , , 48
2025/2/24, , , , , , , 38
2025/2/25, , , , , , , 50
2025/2/26, , , , , , , 54
2025/2/27, , , , , , , 53
2025/2/28, , , , , , , 54
2025/3/1, , , , , , , 52
2025/3/2, , , , , , , 53
2025/3/3, , , , , , , 54
2025/3/4, , , , , , , 56
2025/3/5, , , , , , , 58
2025/3/6, , , , , , , 53
2025/3/7, , , , , , , 54
2025/3/8, , , , , , , 38
2025/3/9, , , , , , , 43
2025/3/10, , , , , , , 45
2025/3/11, , , , , , , 54
2025/3/12, , , , , , , 52
2025/3/13, , , , , , , 52
2025/3/14, , , , , , , 54
2025/3/15, , , , , , , 52
2025/3/16, , , , , , , 57
2025/3/17, , , , , , , 63
2025/3/18, , , , , , , 59
2025/3/19, , , , , , , 58
2025/3/20, , , , , , , 69
2025/3/21, , , , , , , 71
2025/3/22, , , , , , , 69
2025/3/23, , , , , , , 68
2025/3/24, , , , , , , 65
2025/3/25, , , , , , , 71
2025/3/26, , , , , , , 85
2025/3/27, , , , , , , 84
2025/3/28, , , , , , , 73
2025/3/29, , , , , , , 64
2025/3/30, , , , , , , 78
2025/3/31, , , , , , , 88
2024/10/1, , , , , , , 54
2024/10/2, , , , , , , 62
2024/10/3, , , , , , , 67
2024/10/4, , , , , , , 63
2024/10/5, , , , , , , 63
2024/10/6, , , , , , , 61
2024/10/7, , , , , , , 41
2024/10/8, , , , , , , 53
2024/10/9, , , , , , , 47
2024/10/10, , , , , , , 33
2024/10/11, , , , , , , 41
2024/10/12, , , , , , , 36
2024/10/13, , , , , , , 45
2024/10/14, , , , , , , 34
2024/10/15, , , , , , , 53
2024/10/16, , , , , , , 30
2024/10/17, , , , , , , 46
2024/10/18, , , , , , , 30
2024/10/19, , , , , , , 35
2024/10/20, , , , , , , 37
2024/10/21, , , , , , , 44
2024/10/22, , , , , , , 50
2024/10/23, , , , , , , 36
2024/10/24, , , , , , , 25
2024/10/25, , , , , , , 50
2024/10/26, , , , , , , 36
2024/10/27, , , , , , , 47
2024/10/28, , , , , , , 46
2024/10/29, , , , , , , 42
2024/10/30, , , , , , , 59
2024/10/31, , , , , , , 49
2024/11/1, , , , , , , 50
2024/11/2, , , , , , , 51
2024/11/3, , , , , , , 68
2024/11/4, , , , , , , 45
2024/11/5, , , , , , , 45
2024/11/6, , , , , , , 42
2024/11/7, , , , , , , 42
2024/11/8, , , , , , , 41
2024/11/9, , , , , , , 39
2024/11/10, , , , , , , 33
2024/11/11, , , , , , , 42
2024/11/12, , , , , , , 47
2024/11/13, , , , , , , 60
2024/11/14, , , , , , , 74
2024/11/15, , , , , , , 65
2024/11/16, , , , , , , 64
2024/11/17, , , , , , , 59
2024/11/18, , , , , , , 57
2024/11/19, , , , , , , 54
2024/11/20, , , , , , , 39
2024/11/21, , , , , , , 34
2024/11/22, , , , , , , 31
2024/11/23, , , , , , , 31
2024/11/24, , , , , , , 38
2024/11/25, , , , , , , 38
2024/11/26, , , , , , , 33
2024/11/27, , , , , , , 31
2024/11/28, , , , , , , 25
2024/11/29, , , , , , , 23
2024/11/30, , , , , , , 35
2024/12/1, , , , , , , 50
2024/12/2, , , , , , , 57
2024/12/3, , , , , , , 58
2024/12/4, , , , , , , 38
2024/12/5, , , , , , , 39
2024/12/6, , , , , , , 55
2024/12/7, , , , , , , 60
2024/12/8, , , , , , , 53
2024/12/9, , , , , , , 51
2024/12/10, , , , , , , 46
2024/12/11, , , , , , , 53
2024/12/12, , , , , , , 53
2024/12/13, , , , , , , 38
2024/12/14, , , , , , , 26
2024/12/15, , , , , , , 23
2024/12/16, , , , , , , 27
2024/12/17, , , , , , , 39
2024/12/18, , , , , , , 49
2024/12/19, , , , , , , 49
2024/12/20, , , , , , , 56
2024/12/21, , , , , , , 52
2024/12/22, , , , , , , 56
2024/12/23, , , , , , , 62
2024/12/24, , , , , , , 62
2024/12/25, , , , , , , 73
2024/12/26, , , , , , , 74
2024/12/27, , , , , , , 64
2024/12/28, , , , , , , 54
2024/12/29, , , , , , , 34
2024/7/1, , , , , , , 36
2024/7/2, , , , , , , 66
2024/7/3, , , , , , , 72
2024/7/4, , , , , , , 75
2024/7/6, , , , , , , 41
2024/7/7, , , , , , , 59
2024/7/8, , , , , , , 54
2024/7/9, , , , , , , 49
2024/7/10, , , , , , , 54
2024/7/11, , , , , , , 68
2024/7/12, , , , , , , 52
2024/7/13, , , , , , , 58
2024/7/14, , , , , , , 67
2024/7/15, , , , , , , 57
2024/7/16, , , , , , , 64
2024/7/17, , , , , , , 77
2024/7/18, , , , , , , 67
2024/7/19, , , , , , , 67
2024/7/20, , , , , , , 66
2024/7/21, , , , , , , 85
2024/7/22, , , , , , , 71
2024/7/23, , , , , , , 75
2024/7/24, , , , , , , 68
2024/7/25, , , , , , , 82
2024/7/26, , , , , , , 93
2024/7/27, , , , , , , 77
2024/7/28, , , , , , , 81
2024/7/29, , , , , , , 76
2024/7/30, , , , , , , 69
2024/7/31, , , , , , , 61
2024/8/1, , , , , , , 54
2024/8/2, , , , , , , 53
2024/8/3, , , , , , , 66
2024/8/4, , , , , , , 58
2024/8/5, , , , , , , 50
2024/8/6, , , , , , , 52
2024/8/7, , , , , , , 46
2024/8/8, , , , , , , 51
2024/8/9, , , , , , , 69
2024/8/10, , , , , , , 57
2024/8/11, , , , , , , 54
2024/8/12, , , , , , , 51
2024/8/13, , , , , , , 54
2024/8/14, , , , , , , 63
2024/8/15, , , , , , , 59
2024/8/16, , , , , , , 60
2024/8/17, , , , , , , 58
2024/8/18, , , , , , , 62
2024/8/19, , , , , , , 70
2024/8/20, , , , , , , 64
2024/8/21, , , , , , , 31
2024/8/22, , , , , , , 58
2024/8/23, , , , , , , 49
2024/8/24, , , , , , , 38
2024/8/25, , , , , , , 22
2024/8/26, , , , , , , 32
2024/8/27, , , , , , , 45
2024/8/28, , , , , , , 24
2024/8/29, , , , , , , 47
2024/8/30, , , , , , , 53
2024/8/31, , , , , , , 58
2024/9/1, , , , , , , 65
2024/9/2, , , , , , , 69
2024/9/3, , , , , , , 80
2024/9/4, , , , , , , 65
2024/9/5, , , , , , , 45
2024/9/6, , , , , , , 30
2024/9/7, , , , , , , 27
2024/9/8, , , , , , , 30
2024/9/9, , , , , , , 25
2024/9/10, , , , , , , 45
2024/9/11, , , , , , , 56
2024/9/12, , , , , , , 49
2024/9/13, , , , , , , 56
2024/9/14, , , , , , , 48
2024/9/15, , , , , , , 32
2024/9/16, , , , , , , 31
2024/9/17, , , , , , , 25
2024/9/18, , , , , , , 32
2024/9/19, , , , , , , 34
2024/9/20, , , , , , , 42
2024/9/21, , , , , , , 59
2024/9/22, , , , , , , 79
2024/9/23, , , , , , , 64
2024/9/24, , , , , , , 54
2024/9/25, , , , , , , 45
2024/9/26, , , , , , , 40
2024/9/27, , , , , , , 49
2024/9/28, , , , , , , 59
2024/9/29, , , , , , , 67
2024/9/30, , , , , , , 62
2024/4/1, , , , , , , 56
2024/4/2, , , , , , , 56
2024/4/3, , , , , , , 52
2024/4/4, , , , , , , 60
2024/4/5, , , , , , , 65
2024/4/6, , , , , , , 69
2024/4/7, , , , , , , 72
2024/4/8, , , , , , , 57
2024/4/9, , , , , , , 58
2024/4/10, , , , , , , 63
2024/4/11, , , , , , , 55
2024/4/12, , , , , , , 57
2024/4/13, , , , , , , 61
2024/4/14, , , , , , , 75
2024/4/15, , , , , , , 63
2024/4/16, , , , , , , 56
2024/4/17, , , , , , , 58
2024/4/18, , , , , , , 61
2024/4/19, , , , , , , 61
2024/4/20, , , , , , , 60
2024/4/21, , , , , , , 63
2024/4/22, , , , , , , 63
2024/4/23, , , , , , , 65
2024/4/24, , , , , , , 67
2024/4/25, , , , , , , 63
2024/4/26, , , , , , , 59
2024/4/27, , , , , , , 55
2024/4/28, , , , , , , 61
2024/4/29, , , , , , , 59
2024/4/30, , , , , , , 64
2024/5/1, , , , , , , 64
2024/5/2, , , , , , , 64
2024/5/3, , , , , , , 73
2024/5/4, , , , , , , 74
2024/5/5, , , , , , , 85
2024/5/6, , , , , , , 79
2024/5/7, , , , , , , 70
2024/5/8, , , , , , , 75
2024/5/9, , , , , , , 73
2024/5/10, , , , , , , 63
2024/5/11, , , , , , , 78
2024/5/12, , , , , , , 60
2024/5/13, , , , , , , 60
2024/5/14, , , , , , , 67
2024/5/15, , , , , , , 57
2024/5/16, , , , , , , 47
2024/5/17, , , , , , , 54
2024/5/18, , , , , , , 55
2024/5/19, , , , , , , 59
2024/5/20, , , , , , , 57
2024/5/21, , , , , , , 52
2024/5/22, , , , , , , 47
2024/5/23, , , , , , , 54
2024/5/24, , , , , , , 56
2024/5/25, , , , , , , 55
2024/5/26, , , , , , , 48
2024/5/27, , , , , , , 56
2024/5/28, , , , , , , 63
2024/5/29, , , , , , , 55
2024/5/30, , , , , , , 46
2024/5/31, , , , , , , 44
2024/6/1, , , , , , , 53
2024/6/2, , , , , , , 39
2024/6/3, , , , , , , 39
2024/6/4, , , , , , , 54
2024/6/5, , , , , , , 58
2024/6/6, , , , , , , 69
2024/6/7, , , , , , , 55
2024/6/8, , , , , , , 42
2024/6/9, , , , , , , 52
2024/6/10, , , , , , , 51
2024/6/11, , , , , , , 59
2024/6/12, , , , , , , 69
2024/6/13, , , , , , , 65
2024/6/14, , , , , , , 69
2024/6/15, , , , , , , 83
2024/6/16, , , , , , , 88
2024/6/17, , , , , , , 53
2024/6/18, , , , , , , 30
2024/6/19, , , , , , , 38
2024/6/20, , , , , , , 26
2024/6/21, , , , , , , 38
2024/6/22, , , , , , , 47
2024/6/23, , , , , , , 57
2024/6/24, , , , , , , 61
2024/6/25, , , , , , , 68
2024/6/26, , , , , , , 70
2024/6/27, , , , , , , 51
2024/6/28, , , , , , , 55
2024/6/29, , , , , , , 62
2024/6/30, , , , , , , 53
2024/1/1, , , , , , , 54
2024/1/2, , , , , , , 55
2024/1/3, , , , , , , 58
2024/1/4, , , , , , , 51
2024/1/5, , , , , , , 55
2024/1/6, , , , , , , 53
2024/1/7, , , , , , , 43
2024/1/8, , , , , , , 40
2024/1/9, , , , , , , 34
2024/1/10, , , , , , , 40
2024/1/11, , , , , , , 49
2024/1/12, , , , , , , 51
2024/1/13, , , , , , , 64
2024/1/14, , , , , , , 65
2024/1/15, , , , , , , 45
2024/1/16, , , , , , , 39
2024/1/17, , , , , , , 37
2024/1/18, , , , , , , 42
2024/1/19, , , , , , , 53
2024/1/20, , , , , , , 76
2024/1/21, , , , , , , 74
2024/1/22, , , , , , , 61
2024/1/23, , , , , , , 24
2024/1/24, , , , , , , 22
2024/1/25, , , , , , , 34
2024/1/26, , , , , , , 44
2024/1/27, , , , , , , 49
2024/1/28, , , , , , , 50
2024/1/29, , , , , , , 49
2024/1/30, , , , , , , 51
2024/1/31, , , , , , , 60
2024/2/1, , , , , , , 65
2024/2/2, , , , , , , 62
2024/2/3, , , , , , , 60
2024/2/4, , , , , , , 70
2024/2/5, , , , , , , 72
2024/2/6, , , , , , , 71
2024/2/7, , , , , , , 65
2024/2/8, , , , , , , 63
2024/2/9, , , , , , , 65
2024/2/10, , , , , , , 70
2024/2/11, , , , , , , 57
2024/2/12, , , , , , , 56
2024/2/13, , , , , , , 56
2024/2/14, , , , , , , 54
2024/2/15, , , , , , , 55
2024/2/16, , , , , , , 57
2024/2/17, , , , , , , 56
2024/2/18, , , , , , , 53
2024/2/19, , , , , , , 52
2024/2/20, , , , , , , 54
2024/2/21, , , , , , , 58
2024/2/22, , , , , , , 61
2024/2/23, , , , , , , 56
2024/2/24, , , , , , , 55
2024/2/25, , , , , , , 48
2024/2/26, , , , , , , 54
2024/2/27, , , , , , , 60
2024/2/28, , , , , , , 58
2024/2/29, , , , , , , 61
2024/3/1, , , , , , , 56
2024/3/2, , , , , , , 52
2024/3/3, , , , , , , 52
2024/3/4, , , , , , , 53
2024/3/5, , , , , , , 57
2024/3/6, , , , , , , 60
2024/3/7, , , , , , , 58
2024/3/8, , , , , , , 63
2024/3/9, , , , , , , 64
2024/3/10, , , , , , , 61
2024/3/11, , , , , , , 63
2024/3/12, , , , , , , 64
2024/3/13, , , , , , , 62
2024/3/14, , , , , , , 58
2024/3/15, , , , , , , 56
2024/3/16, , , , , , , 60
2024/3/17, , , , , , , 61
2024/3/18, , , , , , , 61
2024/3/19, , , , , , , 56
2024/3/20, , , , , , , 54
2024/3/21, , , , , , , 59
2024/3/22, , , , , , , 64
2024/3/23, , , , , , , 62
2024/3/24, , , , , , , 59
2024/3/25, , , , , , , 54
2024/3/26, , , , , , , 53
2024/3/27, , , , , , , 53
2024/3/28, , , , , , , 55
2024/3/29, , , , , , , 48
2024/3/30, , , , , , , 50
2024/3/31, , , , , , , 56
2023/10/1, , , , , , , 74
2023/10/2, , , , , , , 72
2023/10/3, , , , , , , 52
2023/10/4, , , , , , , 48
2023/10/5, , , , , , , 33
2023/10/6, , , , , , , 49
2023/10/7, , , , , , , 54
2023/10/8, , , , , , , 67
2023/10/9, , , , , , , 54
2023/10/10, , , , , , , 82
2023/10/11, , , , , , , 65
2023/10/12, , , , , , , 73
2023/10/13, , , , , , , 58
2023/10/14, , , , , , , 43
2023/10/15, , , , , , , 53
2023/10/16, , , , , , , 57
2023/10/17, , , , , , , 59
2023/10/18, , , , , , , 66
2023/10/19, , , , , , , 63
2023/10/20, , , , , , , 53
2023/10/21, , , , , , , 58
2023/10/22, , , , , , , 50
2023/10/23, , , , , , , 56
2023/10/24, , , , , , , 60
2023/10/25, , , , , , , 62
2023/10/26, , , , , , , 64
2023/10/27, , , , , , , 49
2023/10/28, , , , , , , 58
2023/10/29, , , , , , , 62
2023/10/30, , , , , , , 47
2023/10/31, , , , , , , 50
2023/11/1, , , , , , , 39
2023/11/2, , , , , , , 30
2023/11/3, , , , , , , 37
2023/11/4, , , , , , , 58
2023/11/5, , , , , , , 52
2023/11/6, , , , , , , 53
2023/11/7, , , , , , , 56
2023/11/8, , , , , , , 62
2023/11/9, , , , , , , 59
2023/11/10, , , , , , , 54
2023/11/11, , , , , , , 63
2023/11/12, , , , , , , 33
2023/11/13, , , , , , , 42
2023/11/14, , , , , , , 37
2023/11/15, , , , , , , 57
2023/11/16, , , , , , , 40
2023/11/17, , , , , , , 27
2023/11/18, , , , , , , 23
2023/11/19, , , , , , , 23
2023/11/20, , , , , , , 39
2023/11/21, , , , , , , 26
2023/11/22, , , , , , , 26
2023/11/23, , , , , , , 34
2023/11/24, , , , , , , 29
2023/11/25, , , , , , , 21
2023/11/26, , , , , , , 18
2023/11/27, , , , , , , 19
2023/11/28, , , , , , , 19
2023/11/29, , , , , , , 25
2023/11/30, , , , , , , 22
2023/12/1, , , , , , , 30
2023/12/2, , , , , , , 23
2023/12/3, , , , , , , 30
2023/12/4, , , , , , , 22
2023/12/5, , , , , , , 20
2023/12/6, , , , , , , 40
2023/12/7, , , , , , , 42
2023/12/8, , , , , , , 24
2023/12/9, , , , , , , 37
2023/12/10, , , , , , , 57
2023/12/11, , , , , , , 57
2023/12/12, , , , , , , 47
2023/12/13, , , , , , , 40
2023/12/14, , , , , , , 23
2023/12/15, , , , , , , 24
2023/12/16, , , , , , , 26
2023/12/17, , , , , , , 46
2023/12/18, , , , , , , 36
2023/12/19, , , , , , , 32
2023/12/20, , , , , , , 45
2023/12/21, , , , , , , 51
2023/12/22, , , , , , , 57
2023/12/23, , , , , , , 50
2023/12/24, , , , , , , 26
2023/12/25, , , , , , , 22
2023/12/26, , , , , , , 34
2023/12/27, , , , , , , 41
2023/12/28, , , , , , , 35
2023/12/29, , , , , , , 30
2023/12/30, , , , , , , 31
2023/12/31, , , , , , , 40
2023/7/1, , , , , , , 31
2023/7/2, , , , , , , 51
2023/7/3, , , , , , , 57
2023/7/4, , , , , , , 58
2023/7/5, , , , , , , 60
2023/7/6, , , , , , , 64
2023/7/7, , , , , , , 66
2023/7/8, , , , , , , 41
2023/7/9, , , , , , , 30
2023/7/10, , , , , , , 32
2023/7/11, , , , , , , 47
2023/7/12, , , , , , , 39
2023/7/13, , , , , , , 43
2023/7/14, , , , , , , 45
2023/7/15, , , , , , , 53
2023/7/16, , , , , , , 60
2023/7/17, , , , , , , 62
2023/7/18, , , , , , , 67
2023/7/19, , , , , , , 61
2023/7/20, , , , , , , 62
2023/7/21, , , , , , , 68
2023/7/22, , , , , , , 55
2023/7/23, , , , , , , 42
2023/7/24, , , , , , , 60
2023/7/25, , , , , , , 69
2023/7/26, , , , , , , 67
2023/7/27, , , , , , , 53
2023/7/28, , , , , , , 67
2023/7/29, , , , , , , 67
2023/7/30, , , , , , , 70
2023/7/31, , , , , , , 52
2023/8/1, , , , , , , 54
2023/8/2, , , , , , , 63
2023/8/3, , , , , , , 60
2023/8/4, , , , , , , 50
2023/8/5, , , , , , , 54
2023/8/6, , , , , , , 40
2023/8/7, , , , , , , 42
2023/8/8, , , , , , , 49
2023/8/9, , , , , , , 55
2023/8/10, , , , , , , 54
2023/8/11, , , , , , , 52
2023/8/12, , , , , , , 49
2023/8/13, , , , , , , 39
2023/8/14, , , , , , , 38
2023/8/15, , , , , , , 33
2023/8/16, , , , , , , 56
2023/8/17, , , , , , , 37
2023/8/18, , , , , , , 61
2023/8/19, , , , , , , 46
2023/8/20, , , , , , , 46
2023/8/21, , , , , , , 57
2023/8/22, , , , , , , 48
2023/8/23, , , , , , , 49
2023/8/24, , , , , , , 44
2023/8/25, , , , , , , 58
2023/8/26, , , , , , , 52
2023/8/27, , , , , , , 44
2023/8/28, , , , , , , 42
2023/8/29, , , , , , , 52
2023/8/30, , , , , , , 46
2023/8/31, , , , , , , 45
2023/9/1, , , , , , , 28
2023/9/2, , , , , , , 37
2023/9/3, , , , , , , 59
2023/9/4, , , , , , , 53
2023/9/5, , , , , , , 53
2023/9/6, , , , , , , 38
2023/9/7, , , , , , , 52
2023/9/8, , , , , , , 65
2023/9/9, , , , , , , 46
2023/9/10, , , , , , , 44
2023/9/11, , , , , , , 40
2023/9/12, , , , , , , 49
2023/9/13, , , , , , , 56
2023/9/14, , , , , , , 62
2023/9/15, , , , , , , 56
2023/9/16, , , , , , , 61
2023/9/17, , , , , , , 62
2023/9/18, , , , , , , 50
2023/9/19, , , , , , , 60
2023/9/20, , , , , , , 67
2023/9/21, , , , , , , 45
2023/9/22, , , , , , , 44
2023/9/23, , , , , , , 38
2023/9/24, , , , , , , 33
2023/9/25, , , , , , , 55
2023/9/26, , , , , , , 26
2023/9/27, , , , , , , 44
2023/9/28, , , , , , , 64
2023/9/29, , , , , , , 84
2023/9/30, , , , , , , 59
2023/4/1, , , , , , , 62
2023/4/2, , , , , , , 60
2023/4/3, , , , , , , 63
2023/4/4, , , , , , , 56
2023/4/5, , , , , , , 59
2023/4/6, , , , , , , 51
2023/4/7, , , , , , , 64
2023/4/8, , , , , , , 61
2023/4/9, , , , , , , 63
2023/4/10, , , , , , , 64
2023/4/11, , , , , , , 76
2023/4/12, , , , , , , 88
2023/4/13, , , , , , , 93
2023/4/14, , , , , , , 96
2023/4/15, , , , , , , 92
2023/4/16, , , , , , , 102
2023/4/17, , , , , , , 95
2023/4/18, , , , , , , 106
2023/4/19, , , , , , , 85
2023/4/20, , , , , , , 70
2023/4/21, , , , , , , 82
2023/4/22, , , , , , , 67
2023/4/23, , , , , , , 65
2023/4/24, , , , , , , 65
2023/4/25, , , , , , , 71
2023/4/26, , , , , , , 69
2023/4/27, , , , , , , 59
2023/4/28, , , , , , , 64
2023/4/29, , , , , , , 60
2023/4/30, , , , , , , 60
2023/5/1, , , , , , , 58
2023/5/2, , , , , , , 49
2023/5/3, , , , , , , 43
2023/5/4, , , , , , , 43
2023/5/5, , , , , , , 56
2023/5/6, , , , , , , 57
2023/5/7, , , , , , , 59
2023/5/8, , , , , , , 54
2023/5/9, , , , , , , 52
2023/5/10, , , , , , , 44
2023/5/11, , , , , , , 63
2023/5/12, , , , , , , 72
2023/5/13, , , , , , , 62
2023/5/14, , , , , , , 59
2023/5/15, , , , , , , 59
2023/5/16, , , , , , , 54
2023/5/17, , , , , , , 67
2023/5/18, , , , , , , 57
2023/5/19, , , , , , , 50
2023/5/20, , , , , , , 53
2023/5/21, , , , , , , 44
2023/5/22, , , , , , , 54
2023/5/23, , , , , , , 54
2023/5/24, , , , , , , 68
2023/5/25, , , , , , , 70
2023/5/26, , , , , , , 63
2023/5/27, , , , , , , 63
2023/5/28, , , , , , , 55
2023/5/29, , , , , , , 58
2023/5/30, , , , , , , 56
2023/5/31, , , , , , , 56
2023/6/1, , , , , , , 63
2023/6/2, , , , , , , 75
2023/6/3, , , , , , , 64
2023/6/4, , , , , , , 56
2023/6/5, , , , , , , 58
2023/6/6, , , , , , , 58
2023/6/7, , , , , , , 85
2023/6/8, , , , , , , 56
2023/6/9, , , , , , , 53
2023/6/10, , , , , , , 60
2023/6/11, , , , , , , 57
2023/6/12, , , , , , , 55
2023/6/13, , , , , , , 54
2023/6/14, , , , , , , 59
2023/6/15, , , , , , , 58
2023/6/16, , , , , , , 57
2023/6/17, , , , , , , 73
2023/6/18, , , , , , , 66
2023/6/19, , , , , , , 76
2023/6/20, , , , , , , 70
2023/6/21, , , , , , , 79
2023/6/22, , , , , , , 60
2023/6/23, , , , , , , 56
2023/6/24, , , , , , , 52
2023/6/25, , , , , , , 52
2023/6/26, , , , , , , 55
2023/6/27, , , , , , , 46
2023/6/28, , , , , , , 50
2023/6/29, , , , , , , 33
2023/6/30, , , , , , , 25
2023/2/10, , , , , , , 59
2023/2/11, , , , , , , 53
2023/2/12, , , , , , , 60
2023/2/13, , , , , , , 75
2023/2/14, , , , , , , 62
2023/2/15, , , , , , , 62
2023/2/16, , , , , , , 64
2023/2/17, , , , , , , 54
2023/2/18, , , , , , , 55
2023/2/19, , , , , , , 53
2023/2/20, , , , , , , 61
2023/2/21, , , , , , , 58
2023/2/22, , , , , , , 59
2023/2/23, , , , , , , 59
2023/2/24, , , , , , , 64
2023/2/25, , , , , , , 65
2023/2/26, , , , , , , 60
2023/2/27, , , , , , , 64
2023/2/28, , , , , , , 64
2023/3/1, , , , , , , 55
2023/3/2, , , , , , , 53
2023/3/3, , , , , , , 52
2023/3/4, , , , , , , 55
2023/3/5, , , , , , , 59
2023/3/6, , , , , , , 70
2023/3/7, , , , , , , 70
2023/3/8, , , , , , , 65
2023/3/9, , , , , , , 60
2023/3/10, , , , , , , 56
2023/3/11, , , , , , , 57
2023/3/12, , , , , , , 63
2023/3/13, , , , , , , 67
2023/3/14, , , , , , , 66
2023/3/15, , , , , , , 69
2023/3/16, , , , , , , 62
2023/3/17, , , , , , , 57
2023/3/18, , , , , , , 59
2023/3/19, , , , , , , 63
2023/3/20, , , , , , , 60
2023/3/21, , , , , , , 60
2023/3/22, , , , , , , 58
2023/3/23, , , , , , , 60
2023/3/24, , , , , , , 58
2023/3/25, , , , , , , 61
2023/3/26, , , , , , , 62
2023/3/27, , , , , , , 68
2023/3/28, , , , , , , 58
2023/3/29, , , , , , , 58
2023/3/30, , , , , , , 61
2023/3/31, , , , , , , 60
2022/10/1, , , , , , , 28
2022/10/2, , , , , , , 39
2022/10/3, , , , , , , 45
2022/10/4, , , , , , , 22
2022/10/5, , , , , , , 31
2022/10/6, , , , , , , 22
2022/10/7, , , , , , , 41
2022/10/8, , , , , , , 29
2022/10/9, , , , , , , 29
2022/10/10, , , , , , , 40
2022/10/11, , , , , , , 38
2022/10/12, , , , , , , 38
2022/10/13, , , , , , , 23
2022/10/14, , , , , , , 32
2022/10/15, , , , , , , 35
2022/10/16, , , , , , , 32
2022/10/17, , , , , , , 45
2022/10/18, , , , , , , 37
2022/10/19, , , , , , , 29
2022/10/20, , , , , , , 26
2022/10/21, , , , , , , 34
2022/10/22, , , , , , , 29
2022/10/23, , , , , , , 25
2022/10/24, , , , , , , 35
2022/10/25, , , , , , , 52
2022/10/26, , , , , , , 36
2022/10/27, , , , , , , 45
2022/10/28, , , , , , , 58
2022/10/29, , , , , , , 28
2022/10/30, , , , , , , 44
2022/10/31, , , , , , , 41
2022/11/1, , , , , , , 41
2022/11/2, , , , , , , 35
2022/11/3, , , , , , , 34
2022/11/4, , , , , , , 39
2022/11/5, , , , , , , 30
2022/11/6, , , , , , , 55
2022/11/7, , , , , , , 22
2022/11/8, , , , , , , 39
2022/11/9, , , , , , , 51
2022/11/10, , , , , , , 49
2022/11/11, , , , , , , 25
2022/11/12, , , , , , , 23
2022/11/13, , , , , , , 33
2022/11/14, , , , , , , 45
2022/11/15, , , , , , , 24
2022/11/16, , , , , , , 30
2022/11/17, , , , , , , 44
2022/11/18, , , , , , , 49
2022/11/19, , , , , , , 36
2022/11/20, , , , , , , 46
2022/11/21, , , , , , , 28
2022/7/1, , , , , , , 60
2022/7/2, , , , , , , 67
2022/7/3, , , , , , , 65
2022/7/4, , , , , , , 59
2022/7/5, , , , , , , 40
2022/7/6, , , , , , , 53
2022/7/7, , , , , , , 68
2022/7/8, , , , , , , 60
2022/7/9, , , , , , , 55
2022/7/10, , , , , , , 59
2022/7/11, , , , , , , 63
2022/7/12, , , , , , , 32
2022/7/13, , , , , , , 31
2022/7/14, , , , , , , 53
2022/7/15, , , , , , , 55
2022/7/16, , , , , , , 63
2022/7/17, , , , , , , 82
2022/7/18, , , , , , , 65
2022/7/19, , , , , , , 49
2022/7/20, , , , , , , 61
2022/7/21, , , , , , , 67
2022/7/22, , , , , , , 81
2022/7/23, , , , , , , 61
2022/7/24, , , , , , , 64
2022/7/25, , , , , , , 59
2022/7/26, , , , , , , 61
2022/7/27, , , , , , , 58
2022/7/28, , , , , , , 55
2022/7/29, , , , , , , 56
2022/7/30, , , , , , , 52
2022/7/31, , , , , , , 42
2022/8/1, , , , , , , 46
2022/8/2, , , , , , , 54
2022/8/3, , , , , , , 63
2022/8/4, , , , , , , 38
2022/8/5, , , , , , , 56
2022/8/6, , , , , , , 42
2022/8/7, , , , , , , 48
2022/8/8, , , , , , , 63
2022/8/9, , , , , , , 72
2022/8/10, , , , , , , 80
2022/8/11, , , , , , , 76
2022/8/12, , , , , , , 88
2022/8/13, , , , , , , 67
2022/8/14, , , , , , , 58
2022/8/15, , , , , , , 63
2022/8/16, , , , , , , 55
2022/8/17, , , , , , , 55
2022/8/18, , , , , , , 53
2022/8/19, , , , , , , 53
2022/8/20, , , , , , , 55
2022/8/21, , , , , , , 49
2022/8/22, , , , , , , 47
2022/8/23, , , , , , , 52
2022/8/24, , , , , , , 52
2022/8/25, , , , , , , 53
2022/8/26, , , , , , , 47
2022/8/27, , , , , , , 41
2022/8/28, , , , , , , 42
2022/8/29, , , , , , , 48
2022/8/30, , , , , , , 30
2022/8/31, , , , , , , 34
2022/9/1, , , , , , , 52
2022/9/2, , , , , , , 52
2022/9/3, , , , , , , 24
2022/9/4, , , , , , , 25
2022/9/5, , , , , , , 53
2022/9/6, , , , , , , 58
2022/9/7, , , , , , , 39
2022/9/8, , , , , , , 35
2022/9/9, , , , , , , 57
2022/9/10, , , , , , , 45
2022/9/11, , , , , , , 33
2022/9/12, , , , , , , 55
2022/9/13, , , , , , , 48
2022/9/14, , , , , , , 41
2022/9/15, , , , , , , 36
2022/9/16, , , , , , , 28
2022/9/17, , , , , , , 34
2022/9/18, , , , , , , 53
2022/9/19, , , , , , , 57
2022/9/20, , , , , , , 38
2022/9/21, , , , , , , 29
2022/9/22, , , , , , , 28
2022/9/23, , , , , , , 35
2022/9/24, , , , , , , 33
2022/9/25, , , , , , , 31
2022/9/26, , , , , , , 51
2022/9/27, , , , , , , 43
2022/9/28, , , , , , , 59
2022/9/29, , , , , , , 53
2022/9/30, , , , , , , 36
2022/4/1, , , , , , , 54
2022/4/2, , , , , , , 70
2022/4/3, , , , , , , 53
2022/4/4, , , , , , , 38
2022/4/5, , , , , , , 20
2022/4/6, , , , , , , 29
2022/4/7, , , , , , , 29
2022/4/8, , , , , , , 30
2022/4/9, , , , , , , 53
2022/4/10, , , , , , , 50
2022/4/11, , , , , , , 57
2022/4/12, , , , , , , 55
2022/4/13, , , , , , , 60
2022/4/14, , , , , , , 55
2022/4/15, , , , , , , 57
2022/4/16, , , , , , , 63
2022/4/17, , , , , , , 59
2022/4/18, , , , , , , 65
2022/4/19, , , , , , , 57
2022/4/20, , , , , , , 51
2022/4/21, , , , , , , 56
2022/4/22, , , , , , , 57
2022/4/23, , , , , , , 55
2022/4/24, , , , , , , 49
2022/4/25, , , , , , , 48
2022/4/26, , , , , , , 53
2022/4/27, , , , , , , 59
2022/4/28, , , , , , , 62
2022/4/29, , , , , , , 58
2022/4/30, , , , , , , 60
2022/5/1, , , , , , , 67
2022/5/2, , , , , , , 62
2022/5/3, , , , , , , 56
2022/5/4, , , , , , , 56
2022/5/5, , , , , , , 60
2022/5/6, , , , , , , 52
2022/5/7, , , , , , , 59
2022/5/8, , , , , , , 52
2022/5/9, , , , , , , 39
2022/5/10, , , , , , , 41
2022/5/11, , , , , , , 44
2022/5/12, , , , , , , 42
2022/5/13, , , , , , , 51
2022/5/14, , , , , , , 57
2022/5/15, , , , , , , 64
2022/5/16, , , , , , , 47
2022/5/17, , , , , , , 32
2022/5/18, , , , , , , 47
2022/5/19, , , , , , , 55
2022/5/20, , , , , , , 55
2022/5/21, , , , , , , 57
2022/5/22, , , , , , , 56
2022/5/23, , , , , , , 54
2022/5/24, , , , , , , 70
2022/5/25, , , , , , , 76
2022/5/26, , , , , , , 56
2022/5/27, , , , , , , 58
2022/5/28, , , , , , , 78
2022/5/29, , , , , , , 79
2022/5/30, , , , , , , 58
2022/5/31, , , , , , , 55
2022/6/1, , , , , , , 59
2022/6/2, , , , , , , 69
2022/6/3, , , , , , , 46
2022/6/4, , , , , , , 52
2022/6/5, , , , , , , 59
2022/6/6, , , , , , , 63
2022/6/7, , , , , , , 58
2022/6/8, , , , , , , 60
2022/6/9, , , , , , , 58
2022/6/10, , , , , , , 70
2022/6/11, , , , , , , 58
2022/6/12, , , , , , , 56
2022/6/13, , , , , , , 68
2022/6/14, , , , , , , 62
2022/6/15, , , , , , , 57
2022/6/16, , , , , , , 49
2022/6/17, , , , , , , 58
2022/6/18, , , , , , , 58
2022/6/19, , , , , , , 57
2022/6/20, , , , , , , 63
2022/6/21, , , , , , , 65
2022/6/22, , , , , , , 54
2022/6/23, , , , , , , 57
2022/6/24, , , , , , , 53
2022/6/25, , , , , , , 36
2022/6/26, , , , , , , 48
2022/6/27, , , , , , , 66
2022/6/28, , , , , , , 64
2022/6/29, , , , , , , 65
2022/6/30, , , , , , , 53
2022/1/3, , , , , , , 41
2022/1/4, , , , , , , 40
2022/1/5, , , , , , , 59
2022/1/6, , , , , , , 61
2022/1/7, , , , , , , 54
2022/1/8, , , , , , , 43
2022/1/9, , , , , , , 53
2022/1/10, , , , , , , 67
2022/1/11, , , , , , , 63
2022/1/12, , , , , , , 54
2022/1/13, , , , , , , 54
2022/1/14, , , , , , , 62
2022/1/15, , , , , , , 70
2022/1/16, , , , , , , 56
2022/1/17, , , , , , , 52
2022/1/18, , , , , , , 55
2022/1/19, , , , , , , 60
2022/1/20, , , , , , , 55
2022/1/21, , , , , , , 54
2022/1/22, , , , , , , 57
2022/1/27, , , , , , , 61
2022/1/28, , , , , , , 62
2022/1/29, , , , , , , 78
2022/1/30, , , , , , , 74
2022/1/31, , , , , , , 74
2022/2/1, , , , , , , 65
2022/2/2, , , , , , , 54
2022/2/3, , , , , , , 47
2022/2/4, , , , , , , 51
2022/2/5, , , , , , , 49
2022/2/6, , , , , , , 49
2022/2/7, , , , , , , 47
2022/2/8, , , , , , , 41
2022/2/9, , , , , , , 57
2022/2/10, , , , , , , 53
2022/2/11, , , , , , , 54
2022/2/12, , , , , , , 55
2022/2/13, , , , , , , 54
2022/2/14, , , , , , , 50
2022/2/15, , , , , , , 22
2022/2/16, , , , , , , 25
2022/2/17, , , , , , , 31
2022/2/18, , , , , , , 32
2022/2/19, , , , , , , 36
2022/2/20, , , , , , , 52
2022/2/21, , , , , , , 61
2022/2/22, , , , , , , 54
2022/2/23, , , , , , , 48
2022/2/24, , , , , , , 39
2022/2/25, , , , , , , 27
2022/2/26, , , , , , , 25
2022/2/27, , , , , , , 31
2022/2/28, , , , , , , 38
2022/3/1, , , , , , , 40
2022/3/2, , , , , , , 50
2022/3/3, , , , , , , 45
2022/3/4, , , , , , , 48
2022/3/5, , , , , , , 52
2022/3/6, , , , , , , 46
2022/3/7, , , , , , , 46
2022/3/8, , , , , , , 55
2022/3/9, , , , , , , 33
2022/3/10, , , , , , , 50
2022/3/11, , , , , , , 62
2022/3/12, , , , , , , 82
2022/3/13, , , , , , , 81
2022/3/14, , , , , , , 46
2022/3/15, , , , , , , 45
2022/3/16, , , , , , , 55
2022/3/17, , , , , , , 58
2022/3/18, , , , , , , 54
2022/3/19, , , , , , , 58
2022/3/20, , , , , , , 48
2022/3/21, , , , , , , 47
2022/3/22, , , , , , , 52
2022/3/23, , , , , , , 48
2022/3/24, , , , , , , 48
2022/3/25, , , , , , , 53
2022/3/26, , , , , , , 59
2022/3/27, , , , , , , 61
2022/3/28, , , , , , , 63
2022/3/29, , , , , , , 63
2022/3/30, , , , , , , 62
2022/3/31, , , , , , , 55
2021/10/1, , , , , , , 38
2021/10/2, , , , , , , 42
2021/10/3, , , , , , , 57
2021/10/4, , , , , , , 70
2021/10/5, , , , , , , 43
2021/10/6, , , , , , , 37
2021/10/7, , , , , , , 43
2021/10/8, , , , , , , 47
2021/10/9, , , , , , , 70
2021/10/10, , , , , , , 84
2021/10/11, , , , , , , 68
2021/10/12, , , , , , , 72
2021/10/13, , , , , , , 81
2021/10/14, , , , , , , 83
2021/10/15, , , , , , , 76
2021/10/16, , , , , , , 54
2021/10/17, , , , , , , 59
2021/10/18, , , , , , , 41
2021/10/19, , , , , , , 57
2021/10/20, , , , , , , 54
2021/10/21, , , , , , , 44
2021/10/22, , , , , , , 45
2021/10/23, , , , , , , 65
2021/10/24, , , , , , , 46
2021/10/25, , , , , , , 56
2021/10/26, , , , , , , 54
2021/10/27, , , , , , , 52
2021/10/28, , , , , , , 33
2021/10/29, , , , , , , 33
2021/10/30, , , , , , , 47
2021/10/31, , , , , , , 37
2021/11/1, , , , , , , 29
2021/11/2, , , , , , , 48
2021/11/3, , , , , , , 40
2021/11/4, , , , , , , 25
2021/11/5, , , , , , , 52
2021/11/6, , , , , , , 28
2021/11/7, , , , , , , 51
2021/11/8, , , , , , , 41
2021/11/9, , , , , , , 49
2021/11/10, , , , , , , 33
2021/11/11, , , , , , , 16
2021/11/12, , , , , , , 19
2021/11/13, , , , , , , 15
2021/11/14, , , , , , , 22
2021/11/15, , , , , , , 29
2021/11/16, , , , , , , 30
2021/11/17, , , , , , , 36
2021/11/18, , , , , , , 25
2021/11/19, , , , , , , 26
2021/11/20, , , , , , , 52
2021/11/21, , , , , , , 55
2021/11/22, , , , , , , 52
2021/11/23, , , , , , , 50
2021/11/24, , , , , , , 24
2021/11/25, , , , , , , 17
2021/11/26, , , , , , , 26
2021/11/27, , , , , , , 25
2021/11/28, , , , , , , 36
2021/11/29, , , , , , , 21
2021/11/30, , , , , , , 51
2021/12/1, , , , , , , 50
2021/12/2, , , , , , , 24
2021/12/3, , , , , , , 23
2021/12/4, , , , , , , 33
2021/12/5, , , , , , , 58
2021/12/6, , , , , , , 67
2021/12/7, , , , , , , 64
2021/12/8, , , , , , , 55
2021/12/9, , , , , , , 55
2021/12/10, , , , , , , 52
2021/12/11, , , , , , , 45
2021/12/12, , , , , , , 53
2021/12/13, , , , , , , 61
2021/12/14, , , , , , , 42
2021/12/15, , , , , , , 50
2021/12/16, , , , , , , 48
2021/12/27, , , , , , , 59
2021/12/28, , , , , , , 68
2021/12/29, , , , , , , 56
2021/12/30, , , , , , , 33
2021/12/31, , , , , , , 34
2022/1/1, , , , , , , 39
2022/1/2, , , , , , , 38
2021/7/1, , , , , , , 42
2021/7/2, , , , , , , 53
2021/7/3, , , , , , , 64
2021/7/4, , , , , , , 41
2021/7/5, , , , , , , 63
2021/7/6, , , , , , , 45
2021/7/7, , , , , , , 33
2021/7/8, , , , , , , 74
2021/7/9, , , , , , , 57
2021/7/10, , , , , , , 30
2021/7/11, , , , , , , 23
2021/7/12, , , , , , , 54
2021/7/13, , , , , , , 52
2021/7/14, , , , , , , 40
2021/7/15, , , , , , , 46
2021/7/16, , , , , , , 53
2021/7/17, , , , , , , 71
2021/7/18, , , , , , , 78
2021/7/19, , , , , , , 72
2021/7/20, , , , , , , 78
2021/7/21, , , , , , , 77
2021/7/22, , , , , , , 60
2021/7/23, , , , , , , 54
2021/7/24, , , , , , , 52
2021/7/25, , , , , , , 81
2021/7/26, , , , , , , 80
2021/7/27, , , , , , , 68
2021/7/28, , , , , , , 60
2021/7/29, , , , , , , 65
2021/7/30, , , , , , , 102
2021/7/31, , , , , , , 68
2021/8/1, , , , , , , 43
2021/8/2, , , , , , , 50
2021/8/3, , , , , , , 55
2021/8/4, , , , , , , 44
2021/8/5, , , , , , , 59
2021/8/6, , , , , , , 65
2021/8/7, , , , , , , 75
2021/8/8, , , , , , , 72
2021/8/9, , , , , , , 42
2021/8/10, , , , , , , 38
2021/8/11, , , , , , , 40
2021/8/12, , , , , , , 34
2021/8/13, , , , , , , 51
2021/8/14, , , , , , , 45
2021/8/15, , , , , , , 60
2021/8/16, , , , , , , 44
2021/8/17, , , , , , , 31
2021/8/18, , , , , , , 46
2021/8/19, , , , , , , 48
2021/8/20, , , , , , , 54
2021/8/21, , , , , , , 35
2021/8/22, , , , , , , 34
2021/9/9, , , , , , , 27
2021/9/10, , , , , , , 39
2021/9/11, , , , , , , 56
2021/9/12, , , , , , , 51
2021/9/14, , , , , , , 46
2021/9/15, , , , , , , 60
2021/9/16, , , , , , , 55
2021/9/17, , , , , , , 53
2021/9/18, , , , , , , 52
2021/9/19, , , , , , , 55
2021/9/20, , , , , , , 38
2021/9/21, , , , , , , 59
2021/9/22, , , , , , , 43
2021/9/23, , , , , , , 47
2021/9/24, , , , , , , 63
2021/9/25, , , , , , , 74
2021/9/26, , , , , , , 56
2021/9/27, , , , , , , 37
2021/9/28, , , , , , , 20
2021/9/29, , , , , , , 36
2021/9/30, , , , , , , 24
2021/4/1, , , , , , , 57
2021/4/2, , , , , , , 44
2021/4/3, , , , , , , 60
2021/4/4, , , , , , , 63
2021/4/5, , , , , , , 56
2021/4/6, , , , , , , 47
2021/4/7, , , , , , , 45
2021/4/8, , , , , , , 54
2021/4/9, , , , , , , 71
2021/4/10, , , , , , , 75
2021/4/11, , , , , , , 68
2021/4/12, , , , , , , 61
2021/4/13, , , , , , , 60
2021/4/14, , , , , , , 55
2021/4/15, , , , , , , 54
2021/4/16, , , , , , , 62
2021/4/17, , , , , , , 68
2021/4/18, , , , , , , 64
2021/4/19, , , , , , , 55
2021/4/20, , , , , , , 49
2021/4/21, , , , , , , 52
2021/4/22, , , , , , , 48
2021/4/23, , , , , , , 24
2021/4/24, , , , , , , 43
2021/4/25, , , , , , , 28
2021/4/26, , , , , , , 30
2021/4/27, , , , , , , 31
2021/4/28, , , , , , , 42
2021/4/29, , , , , , , 55
2021/4/30, , , , , , , 64
2021/5/1, , , , , , , 47
2021/5/2, , , , , , , 51
2021/5/3, , , , , , , 53
2021/5/4, , , , , , , 55
2021/5/5, , , , , , , 51
2021/5/6, , , , , , , 46
2021/5/7, , , , , , , 37
2021/5/19, , , , , , , 30
2021/5/20, , , , , , , 28
2021/5/22, , , , , , , 35
2021/5/23, , , , , , , 34
2021/5/24, , , , , , , 60
2021/5/25, , , , , , , 64
2021/5/26, , , , , , , 59
2021/5/27, , , , , , , 52
2021/5/28, , , , , , , 41
2021/5/29, , , , , , , 54
2021/5/30, , , , , , , 52
2021/5/31, , , , , , , 61
2021/6/1, , , , , , , 73
2021/6/2, , , , , , , 59
2021/6/3, , , , , , , 65
2021/6/4, , , , , , , 67
2021/6/5, , , , , , , 47
2021/6/6, , , , , , , 30
2021/6/7, , , , , , , 53
2021/6/8, , , , , , , 73
2021/6/9, , , , , , , 80
2021/6/10, , , , , , , 59
2021/6/11, , , , , , , 47
2021/6/12, , , , , , , 64
2021/6/13, , , , , , , 53
2021/6/14, , , , , , , 46
2021/6/15, , , , , , , 54
2021/6/16, , , , , , , 47
2021/6/17, , , , , , , 61
2021/6/18, , , , , , , 55
2021/6/19, , , , , , , 54
2021/6/20, , , , , , , 37
2021/6/21, , , , , , , 40
2021/6/22, , , , , , , 47
2021/6/23, , , , , , , 56
2021/6/24, , , , , , , 55
2021/6/25, , , , , , , 58
2021/6/26, , , , , , , 35
2021/6/27, , , , , , , 49
2021/6/28, , , , , , , 39
2021/6/29, , , , , , , 34
2021/6/30, , , , , , , 40
2021/1/4, , , , , , , 39
2021/1/5, , , , , , , 34
2021/1/6, , , , , , , 42
2021/1/7, , , , , , , 39
2021/1/8, , , , , , , 46
2021/1/9, , , , , , , 49
2021/1/10, , , , , , , 53
2021/1/11, , , , , , , 48
2021/1/12, , , , , , , 42
2021/1/13, , , , , , , 34
2021/1/14, , , , , , , 39
2021/1/15, , , , , , , 57
2021/1/16, , , , , , , 58
2021/1/17, , , , , , , 59
2021/1/18, , , , , , , 56
2021/1/19, , , , , , , 56
2021/1/20, , , , , , , 61
2021/1/21, , , , , , , 75
2021/1/22, , , , , , , 81
2021/1/23, , , , , , , 61
2021/1/24, , , , , , , 53
2021/1/25, , , , , , , 52
2021/1/26, , , , , , , 58
2021/1/27, , , , , , , 54
2021/1/28, , , , , , , 32
2021/1/29, , , , , , , 41
2021/1/30, , , , , , , 54
2021/1/31, , , , , , , 60
2021/2/1, , , , , , , 44
2021/2/2, , , , , , , 33
2021/2/3, , , , , , , 50
2021/2/4, , , , , , , 55
2021/2/5, , , , , , , 64
2021/2/6, , , , , , , 53
2021/2/7, , , , , , , 50
2021/2/8, , , , , , , 55
2021/2/9, , , , , , , 48
2021/2/10, , , , , , , 51
2021/2/11, , , , , , , 53
2021/2/12, , , , , , , 54
2021/2/13, , , , , , , 57
2021/2/14, , , , , , , 59
2021/2/15, , , , , , , 65
2021/2/16, , , , , , , 69
2021/2/17, , , , , , , 67
2021/2/18, , , , , , , 62
2021/2/19, , , , , , , 47
2021/2/20, , , , , , , 40
2021/2/21, , , , , , , 55
2021/2/22, , , , , , , 54
2021/2/23, , , , , , , 75
2021/2/24, , , , , , , 82
2021/2/25, , , , , , , 80
2021/2/26, , , , , , , 78
2021/2/27, , , , , , , 90
2021/2/28, , , , , , , 80
2021/3/1, , , , , , , 66
2021/3/2, , , , , , , 60
2021/3/3, , , , , , , 52
2021/3/4, , , , , , , 41
2021/3/5, , , , , , , 35
2021/3/6, , , , , , , 35
2021/3/7, , , , , , , 48
2021/3/8, , , , , , , 56
2021/3/9, , , , , , , 57
2021/3/10, , , , , , , 58
2021/3/11, , , , , , , 54
2021/3/12, , , , , , , 51
2021/3/13, , , , , , , 52
2021/3/14, , , , , , , 53
2021/3/15, , , , , , , 49
2021/3/16, , , , , , , 52
2021/3/17, , , , , , , 58
2021/3/18, , , , , , , 62
2021/3/19, , , , , , , 56
2021/3/20, , , , , , , 60
2021/3/21, , , , , , , 58
2021/3/22, , , , , , , 49
2021/3/23, , , , , , , 34
2021/3/24, , , , , , , 27
2021/3/25, , , , , , , 25
2021/3/26, , , , , , , 30
2021/3/29, , , , , , , 52
2021/3/30, , , , , , , 47
2021/3/31, , , , , , , 43
2020/10/1, , , , , , , 55
2020/10/2, , , , , , , 35
2020/10/3, , , , , , , 34
2020/10/4, , , , , , , 57
2020/10/5, , , , , , , 33
2020/10/6, , , , , , , 25
2020/10/7, , , , , , , 48
2020/10/8, , , , , , , 41
2020/10/9, , , , , , , 37
2020/10/10, , , , , , , 44
2020/10/11, , , , , , , 31
2020/10/12, , , , , , , 29
2020/10/13, , , , , , , 28
2020/10/14, , , , , , , 51
2020/10/15, , , , , , , 58
2020/10/16, , , , , , , 50
2020/10/17, , , , , , , 66
2020/10/18, , , , , , , 55
2020/10/19, , , , , , , 54
2020/10/20, , , , , , , 66
2020/10/21, , , , , , , 60
2020/10/22, , , , , , , 37
2020/10/23, , , , , , , 24
2020/10/24, , , , , , , 25
2020/10/25, , , , , , , 46
2020/10/26, , , , , , , 32
2020/10/27, , , , , , , 54
2020/10/28, , , , , , , 37
2020/10/29, , , , , , , 45
2020/10/30, , , , , , , 55
2020/10/31, , , , , , , 53
2020/11/1, , , , , , , 54
2020/11/2, , , , , , , 45
2020/11/3, , , , , , , 36
2020/11/4, , , , , , , 34
2020/11/5, , , , , , , 46
2020/11/6, , , , , , , 49
2020/11/7, , , , , , , 58
2020/11/8, , , , , , , 55
2020/11/9, , , , , , , 62
2020/11/10, , , , , , , 48
2020/11/11, , , , , , , 70
2020/11/12, , , , , , , 52
2020/11/13, , , , , , , 39
2020/11/14, , , , , , , 29
2020/11/15, , , , , , , 41
2020/11/16, , , , , , , 47
2020/11/17, , , , , , , 48
2020/11/18, , , , , , , 23
2020/11/19, , , , , , , 36
2020/11/20, , , , , , , 35
2020/11/21, , , , , , , 52
2020/11/22, , , , , , , 51
2020/11/23, , , , , , , 21
2020/11/24, , , , , , , 16
2020/11/25, , , , , , , 22
2020/11/26, , , , , , , 20
2020/11/27, , , , , , , 18
2020/11/28, , , , , , , 28
2020/11/29, , , , , , , 37
2020/11/30, , , , , , , 48
2020/12/1, , , , , , , 23
2020/12/2, , , , , , , 20
2020/12/3, , , , , , , 19
2020/12/4, , , , , , , 21
2020/12/5, , , , , , , 53
2020/12/6, , , , , , , 61
2020/12/7, , , , , , , 58
2020/12/8, , , , , , , 59
2020/12/9, , , , , , , 50
2020/12/10, , , , , , , 63
2020/12/11, , , , , , , 55
2020/12/12, , , , , , , 41
2020/12/13, , , , , , , 43
2020/12/14, , , , , , , 43
2020/12/15, , , , , , , 50
2020/12/16, , , , , , , 30
2020/12/17, , , , , , , 17
2020/12/18, , , , , , , 14
2020/12/19, , , , , , , 16
2020/12/20, , , , , , , 30
2020/12/21, , , , , , , 46
2020/12/22, , , , , , , 48
2020/12/23, , , , , , , 54
2020/12/24, , , , , , , 37
2020/12/25, , , , , , , 28
2020/12/26, , , , , , , 30
2020/12/27, , , , , , , 27
2020/12/28, , , , , , , 45
2020/12/29, , , , , , , 55
2020/12/30, , , , , , , 63
2020/12/31, , , , , , , 71
2021/1/1, , , , , , , 59
2021/1/2, , , , , , , 56
2021/1/3, , , , , , , 51
2020/7/1, , , , , , , 56
2020/7/2, , , , , , , 49
2020/7/3, , , , , , , 49
2020/7/4, , , , , , , 54
2020/7/5, , , , , , , 64
2020/7/6, , , , , , , 65
2020/7/7, , , , , , , 58
2020/7/8, , , , , , , 57
2020/7/9, , , , , , , 49
2020/7/10, , , , , , , 30
2020/7/11, , , , , , , 50
2020/7/12, , , , , , , 35
2020/7/13, , , , , , , 27
2020/7/14, , , , , , , 53
2020/7/15, , , , , , , 55
2020/7/16, , , , , , , 64
2020/7/17, , , , , , , 52
2020/7/18, , , , , , , 52
2020/7/19, , , , , , , 47
2020/7/20, , , , , , , 53
2020/7/21, , , , , , , 66
2020/7/22, , , , , , , 62
2020/7/23, , , , , , , 63
2020/7/24, , , , , , , 60
2020/7/25, , , , , , , 50
2020/7/26, , , , , , , 54
2020/7/27, , , , , , , 53
2020/7/28, , , , , , , 55
2020/7/29, , , , , , , 53
2020/7/30, , , , , , , 49
2020/7/31, , , , , , , 41
2020/8/1, , , , , , , 52
2020/8/2, , , , , , , 59
2020/8/3, , , , , , , 61
2020/8/4, , , , , , , 73
2020/8/5, , , , , , , 84
2020/8/6, , , , , , , 58
2020/8/7, , , , , , , 89
2020/8/8, , , , , , , 60
2020/8/9, , , , , , , 62
2020/8/10, , , , , , , 66
2020/8/11, , , , , , , 58
2020/8/12, , , , , , , 41
2020/8/13, , , , , , , 30
2020/8/14, , , , , , , 32
2020/8/15, , , , , , , 55
2020/8/16, , , , , , , 64
2020/8/17, , , , , , , 51
2020/8/18, , , , , , , 53
2020/8/19, , , , , , , 38
2020/8/20, , , , , , , 38
2020/8/21, , , , , , , 58
2020/8/22, , , , , , , 50
2020/8/23, , , , , , , 56
2020/8/24, , , , , , , 56
2020/8/25, , , , , , , 64
2020/8/26, , , , , , , 64
2020/8/27, , , , , , , 68
2020/8/28, , , , , , , 58
2020/8/29, , , , , , , 57
2020/8/30, , , , , , , 58
2020/8/31, , , , , , , 59
2020/9/1, , , , , , , 61
2020/9/2, , , , , , , 59
2020/9/3, , , , , , , 58
2020/9/4, , , , , , , 62
2020/9/5, , , , , , , 57
2020/9/6, , , , , , , 51
2020/9/7, , , , , , , 47
2020/9/8, , , , , , , 50
2020/9/9, , , , , , , 59
2020/9/10, , , , , , , 63
2020/9/11, , , , , , , 57
2020/9/12, , , , , , , 45
2020/9/14, , , , , , , 39
2020/9/15, , , , , , , 31
2020/9/16, , , , , , , 36
2020/9/17, , , , , , , 53
2020/9/18, , , , , , , 37
2020/9/19, , , , , , , 43
2020/9/20, , , , , , , 44
2020/9/21, , , , , , , 55
2020/9/22, , , , , , , 57
2020/9/23, , , , , , , 54
2020/9/24, , , , , , , 48
2020/9/25, , , , , , , 39
2020/9/26, , , , , , , 39
2020/9/27, , , , , , , 44
2020/9/28, , , , , , , 68
2020/9/29, , , , , , , 83
2020/9/30, , , , , , , 61
2020/4/1, , , , , , , 55
2020/4/2, , , , , , , 50
2020/4/3, , , , , , , 48
2020/4/4, , , , , , , 52
2020/4/5, , , , , , , 53
2020/4/6, , , , , , , 60
2020/4/7, , , , , , , 55
2020/4/8, , , , , , , 56
2020/4/9, , , , , , , 56
2020/4/10, , , , , , , 60
2020/4/11, , , , , , , 59
2020/4/12, , , , , , , 72
2020/4/13, , , , , , , 54
2020/4/14, , , , , , , 58
2020/4/15, , , , , , , 56
2020/4/16, , , , , , , 52
2020/4/17, , , , , , , 48
2020/4/18, , , , , , , 54
2020/4/19, , , , , , , 54
2020/4/20, , , , , , , 54
2020/4/21, , , , , , , 54
2020/4/22, , , , , , , 54
2020/4/23, , , , , , , 53
2020/4/24, , , , , , , 36
2020/4/25, , , , , , , 35
2020/4/26, , , , , , , 31
2020/4/27, , , , , , , 28
2020/4/28, , , , , , , 20
2020/4/29, , , , , , , 26
2020/4/30, , , , , , , 25
2020/5/1, , , , , , , 25
2020/5/2, , , , , , , 29
2020/5/3, , , , , , , 31
2020/5/4, , , , , , , 51
2020/5/5, , , , , , , 51
2020/5/6, , , , , , , 51
2020/5/7, , , , , , , 53
2020/5/8, , , , , , , 57
2020/5/9, , , , , , , 42
2020/5/10, , , , , , , 49
2020/5/11, , , , , , , 49
2020/5/12, , , , , , , 41
2020/5/13, , , , , , , 38
2020/5/14, , , , , , , 48
2020/5/15, , , , , , , 52
2020/5/16, , , , , , , 47
2020/5/17, , , , , , , 52
2020/5/18, , , , , , , 48
2020/5/19, , , , , , , 51
2020/5/20, , , , , , , 44
2020/5/21, , , , , , , 43
2020/5/22, , , , , , , 52
2020/5/23, , , , , , , 54
2020/5/24, , , , , , , 53
2020/5/25, , , , , , , 54
2020/5/26, , , , , , , 58
2020/5/27, , , , , , , 51
2020/5/28, , , , , , , 56
2020/5/29, , , , , , , 59
2020/5/30, , , , , , , 55
2020/5/31, , , , , , , 56
2020/6/1, , , , , , , 52
2020/6/2, , , , , , , 41
2020/6/3, , , , , , , 41
2020/6/4, , , , , , , 46
2020/6/5, , , , , , , 54
2020/6/6, , , , , , , 35
2020/6/7, , , , , , , 38
2020/6/8, , , , , , , 31
2020/6/9, , , , , , , 49
2020/6/10, , , , , , , 43
2020/6/11, , , , , , , 51
2020/6/12, , , , , , , 60
2020/6/13, , , , , , , 38
2020/6/14, , , , , , , 41
2020/6/15, , , , , , , 53
2020/6/16, , , , , , , 48
2020/6/17, , , , , , , 44
2020/6/18, , , , , , , 59
2020/6/19, , , , , , , 45
2020/6/20, , , , , , , 40
2020/6/21, , , , , , , 28
2020/6/22, , , , , , , 42
2020/6/23, , , , , , , 34
2020/6/24, , , , , , , 41
2020/6/25, , , , , , , 44
2020/6/26, , , , , , , 47
2020/6/27, , , , , , , 46
2020/6/28, , , , , , , 66
2020/6/29, , , , , , , 90
2020/6/30, , , , , , , 58
2020/1/1, , , , , , , 41
2020/1/2, , , , , , , 41
2020/1/3, , , , , , , 41
2020/1/4, , , , , , , 41
2020/1/5, , , , , , , 41
2020/1/6, , , , , , , 41
2020/1/7, , , , , , , 41
2020/1/8, , , , , , , 41
2020/1/9, , , , , , , 41
2020/1/10, , , , , , , 41
2020/1/11, , , , , , , 41
2020/1/12, , , , , , , 41
2020/1/13, , , , , , , 41
2020/1/14, , , , , , , 41
2020/1/15, , , , , , , 41
2020/1/16, , , , , , , 41
2020/1/17, , , , , , , 41
2020/1/18, , , , , , , 50
2020/1/26, , , , , , , 56
2020/1/27, , , , , , , 52
2020/1/28, , , , , , , 53
2020/1/29, , , , , , , 47
2020/1/30, , , , , , , 55
2020/1/31, , , , , , , 53
2020/2/1, , , , , , , 53
2020/2/2, , , , , , , 54
2020/2/3, , , , , , , 56
2020/2/4, , , , , , , 61
2020/2/5, , , , , , , 58
2020/2/6, , , , , , , 47
2020/2/7, , , , , , , 55
2020/2/8, , , , , , , 64
2020/2/9, , , , , , , 59
2020/2/10, , , , , , , 49
2020/2/11, , , , , , , 37
2020/2/12, , , , , , , 41
2020/2/13, , , , , , , 34
2020/2/14, , , , , , , 39
2020/2/15, , , , , , , 43
2020/2/16, , , , , , , 56
2020/2/17, , , , , , , 59
2020/2/18, , , , , , , 41
2020/2/19, , , , , , , 49
2020/2/20, , , , , , , 52
2020/2/21, , , , , , , 51
2020/2/22, , , , , , , 51
2020/2/23, , , , , , , 50
2020/2/24, , , , , , , 49
2020/2/25, , , , , , , 52
2020/2/26, , , , , , , 53
2020/2/27, , , , , , , 53
2020/2/28, , , , , , , 51
2020/2/29, , , , , , , 47
2020/3/1, , , , , , , 62
2020/3/2, , , , , , , 55
2020/3/3, , , , , , , 54
2020/3/4, , , , , , , 47
2020/3/5, , , , , , , 48
2020/3/6, , , , , , , 45
2020/3/7, , , , , , , 43
2020/3/8, , , , , , , 58
2020/3/9, , , , , , , 66
2020/3/10, , , , , , , 67
2020/3/11, , , , , , , 62
2020/3/12, , , , , , , 57
2020/3/13, , , , , , , 58
2020/3/14, , , , , , , 46
2020/3/15, , , , , , , 38
2020/3/16, , , , , , , 36
2020/3/17, , , , , , , 54
2020/3/18, , , , , , , 55
2020/3/19, , , , , , , 58
2020/3/20, , , , , , , 62
2020/3/21, , , , , , , 64
2020/3/22, , , , , , , 54
2020/3/23, , , , , , , 48
2020/3/24, , , , , , , 53
2020/3/25, , , , , , , 51
2020/3/26, , , , , , , 39
2020/3/27, , , , , , , 48
2020/3/28, , , , , , , 55
2020/3/29, , , , , , , 59
2020/3/30, , , , , , , 60
2020/3/31, , , , , , , 58
2019/10/1, , , , , , , 62
2019/10/2, , , , , , , 54
2019/10/3, , , , , , , 53
2019/10/4, , , , , , , 55
2019/10/5, , , , , , , 57
2019/10/6, , , , , , , 55
2019/10/7, , , , , , , 55
2019/10/8, , , , , , , 61
2019/10/9, , , , , , , 47
2019/10/10, , , , , , , 46
2019/10/11, , , , , , , 40
2019/10/12, , , , , , , 54
2019/10/13, , , , , , , 51
2019/10/14, , , , , , , 35
2019/10/15, , , , , , , 44
2019/10/16, , , , , , , 45
2019/10/17, , , , , , , 52
2019/10/18, , , , , , , 48
2019/10/19, , , , , , , 43
2019/10/20, , , , , , , 54
2019/10/21, , , , , , , 53
2019/10/22, , , , , , , 53
2019/10/23, , , , , , , 54
2019/10/24, , , , , , , 53
2019/10/25, , , , , , , 54
2019/10/26, , , , , , , 53
2019/10/27, , , , , , , 56
2019/10/28, , , , , , , 55
2019/10/29, , , , , , , 57
2019/10/30, , , , , , , 57
2019/10/31, , , , , , , 66
2019/11/1, , , , , , , 57
2019/11/2, , , , , , , 58
2019/11/3, , , , , , , 58
2019/11/4, , , , , , , 54
2019/11/5, , , , , , , 54
2019/11/6, , , , , , , 55
2019/11/7, , , , , , , 54
2019/11/8, , , , , , , 59
2019/11/9, , , , , , , 54
2019/11/10, , , , , , , 54
2019/11/11, , , , , , , 59
2019/11/12, , , , , , , 63
2019/11/13, , , , , , , 61
2019/11/14, , , , , , , 60
2019/11/15, , , , , , , 55
2019/11/16, , , , , , , 52
2019/11/17, , , , , , , 54
2019/11/18, , , , , , , 55
2019/11/19, , , , , , , 52
2019/11/20, , , , , , , 52
2019/11/21, , , , , , , 51
2019/11/22, , , , , , , 52
2019/11/23, , , , , , , 56
2019/11/24, , , , , , , 55
2019/11/25, , , , , , , 55
2019/11/26, , , , , , , 51
2019/11/27, , , , , , , 52
2019/11/28, , , , , , , 52
2019/11/29, , , , , , , 57
2019/11/30, , , , , , , 57
2019/12/1, , , , , , , 52
2019/12/2, , , , , , , 39
2019/12/3, , , , , , , 55
2019/12/4, , , , , , , 55
2019/12/5, , , , , , , 58
2019/12/6, , , , , , , 59
2019/12/7, , , , , , , 55
2019/12/8, , , , , , , 57
2019/12/9, , , , , , , 58
2019/12/10, , , , , , , 59
2019/12/11, , , , , , , 59
2019/12/12, , , , , , , 58
2019/12/13, , , , , , , 58
2019/12/14, , , , , , , 57
2019/12/15, , , , , , , 47
2019/12/16, , , , , , , 42
2019/12/17, , , , , , , 42
2019/12/18, , , , , , , 41
2019/12/19, , , , , , , 41
2019/12/20, , , , , , , 41
2019/12/21, , , , , , , 41
2019/12/22, , , , , , , 41
2019/12/23, , , , , , , 41
2019/12/24, , , , , , , 41
2019/12/25, , , , , , , 41
2019/12/26, , , , , , , 41
2019/12/27, , , , , , , 41
2019/12/28, , , , , , , 41
2019/12/29, , , , , , , 41
2019/7/1, , , , , , , 61
2019/7/2, , , , , , , 65
2019/7/3, , , , , , , 65
2019/7/4, , , , , , , 72
2019/7/5, , , , , , , 70
2019/7/6, , , , , , , 71
2019/7/7, , , , , , , 63
2019/7/8, , , , , , , 61
2019/7/9, , , , , , , 56
2019/7/10, , , , , , , 50
2019/7/11, , , , , , , 53
2019/7/12, , , , , , , 52
2019/7/13, , , , , , , 49
2019/7/14, , , , , , , 50
2019/7/15, , , , , , , 52
2019/7/16, , , , , , , 53
2019/7/17, , , , , , , 44
2019/7/18, , , , , , , 57
2019/7/19, , , , , , , 62
2019/7/20, , , , , , , 61
2019/7/21, , , , , , , 59
2019/7/22, , , , , , , 67
2019/7/23, , , , , , , 62
2019/7/24, , , , , , , 56
2019/7/25, , , , , , , 54
2019/7/26, , , , , , , 67
2019/7/27, , , , , , , 58
2019/7/28, , , , , , , 54
2019/7/29, , , , , , , 65
2019/7/30, , , , , , , 91
2019/7/31, , , , , , , 79
2019/8/1, , , , , , , 62
2019/8/2, , , , , , , 69
2019/8/3, , , , , , , 78
2019/8/4, , , , , , , 82
2019/8/5, , , , , , , 81
2019/8/6, , , , , , , 86
2019/8/7, , , , , , , 91
2019/8/8, , , , , , , 82
2019/8/9, , , , , , , 75
2019/8/10, , , , , , , 65
2019/8/11, , , , , , , 56
2019/8/12, , , , , , , 59
2019/8/13, , , , , , , 56
2019/8/14, , , , , , , 55
2019/8/15, , , , , , , 51
2019/8/16, , , , , , , 50
2019/8/17, , , , , , , 62
2019/8/18, , , , , , , 55
2019/8/19, , , , , , , 65
2019/8/20, , , , , , , 64
2019/8/21, , , , , , , 61
2019/8/22, , , , , , , 60
2019/8/23, , , , , , , 58
2019/8/24, , , , , , , 54
2019/8/25, , , , , , , 45
2019/8/26, , , , , , , 39
2019/8/27, , , , , , , 41
2019/8/28, , , , , , , 56
2019/8/29, , , , , , , 58
2019/8/30, , , , , , , 48
2019/8/31, , , , , , , 55
2019/9/1, , , , , , , 59
2019/9/2, , , , , , , 61
2019/9/3, , , , , , , 68
2019/9/4, , , , , , , 59
2019/9/5, , , , , , , 59
2019/9/6, , , , , , , 67
2019/9/7, , , , , , , 73
2019/9/8, , , , , , , 69
2019/9/9, , , , , , , 56
2019/9/10, , , , , , , 60
2019/9/11, , , , , , , 69
2019/9/12, , , , , , , 76
2019/9/13, , , , , , , 71
2019/9/14, , , , , , , 66
2019/9/15, , , , , , , 45
2019/9/16, , , , , , , 40
2019/9/17, , , , , , , 61
2019/9/18, , , , , , , 62
2019/9/19, , , , , , , 82
2019/9/20, , , , , , , 88
2019/9/21, , , , , , , 81
2019/9/22, , , , , , , 78
2019/9/23, , , , , , , 107
2019/9/24, , , , , , , 92
2019/9/25, , , , , , , 61
2019/9/26, , , , , , , 52
2019/9/27, , , , , , , 52
2019/9/28, , , , , , , 52
2019/9/29, , , , , , , 49
2019/9/30, , , , , , , 54
2019/4/1, , , , , , , 
2019/4/2, , , , , , , 
2019/4/3, , , , , , , 
2019/4/4, , , , , , , 
2019/4/5, , , , , , , 
2019/4/6, , , , , , , 
2019/4/7, , , , , , , 
2019/4/8, , , , , , , 
2019/4/9, , , , , , , 
2019/4/10, , , , , , , 
2019/4/11, , , , , , , 
2019/4/12, , , , , , , 
2019/4/13, , , , , , , 
2019/4/14, , , , , , , 
2019/4/15, , , , , , , 
2019/4/16, , , , , , , 
2019/4/17, , , , , , , 
2019/4/18, , , , , , , 
2019/4/19, , , , , , , 
2019/4/20, , , , , , , 
2019/4/21, , , , , , , 
2019/4/22, , , , , , , 
2019/4/23, , , , , , , 
2019/4/24, , , , , , , 
2019/4/25, , , , , , , 
2019/4/26, , , , , , , 
2019/4/27, , , , , , , 
2019/4/28, , , , , , , 
2019/4/29, , , , , , , 
2019/4/30, , , , , , , 
2019/5/1, , , , , , , 
2019/5/2, , , , , , , 
2019/5/3, , , , , , , 
2019/5/4, , , , , , , 
2019/5/5, , , , , , , 
2019/5/6, , , , , , , 
2019/5/7, , , , , , , 
2019/5/8, , , , , , , 
2019/5/9, , , , , , , 
2019/5/10, , , , , , , 
2019/5/11, , , , , , , 
2019/5/12, , , , , , , 
2019/5/13, , , , , , , 
2019/5/14, , , , , , , 
2019/5/15, , , , , , , 
2019/5/16, , , , , , , 
2019/5/17, , , , , , , 
2019/5/18, , , , , , , 
2019/5/19, , , , , , , 
2019/5/20, , , , , , , 
2019/5/21, , , , , , , 
2019/5/22, , , , , , , 
2019/5/23, , , , , , , 
2019/5/24, , , , , , , 
2019/5/25, , , , , , , 
2019/5/26, , , , , , , 
2019/5/27, , , , , , , 
2019/5/28, , , , , , , 
2019/5/29, , , , , , , 
2019/5/30, , , , , , , 
2019/5/31, , , , , , , 
2019/6/1, , , , , , , 
2019/6/2, , , , , , , 
2019/6/3, , , , , , , 
2019/6/4, , , , , , , 
2019/6/5, , , , , , , 
2019/6/6, , , , , , , 
2019/6/7, , , , , , , 
2019/6/8, , , , , , , 
2019/6/9, , , , , , , 
2019/6/10, , , , , , , 
2019/6/11, , , , , , , 
2019/6/12, , , , , , , 
2019/6/13, , , , , , , 
2019/6/14, , , , , , , 
2019/6/15, , , , , , , 
2019/6/16, , , , , , , 
2019/6/17, , , , , , , 
2019/6/18, , , , , , , 
2019/6/19, , , , , , , 
2019/6/20, , , , , , , 
2019/6/21, , , , , , , 
2019/6/22, , , , , , , 
2019/6/23, , , , , , , 
2019/6/24, , , , , , , 
2019/6/25, , , , , , , 
2019/6/26, , , , , , , 
2019/6/27, , , , , , , 
2019/6/28, , , , , , , 43
2019/6/29, , , , , , , 63
2019/6/30, , , , , , , 57
2019/1/1, , , , , , , 
2019/1/2, , , , , , , 
2019/1/3, , , , , , , 
2019/1/4, , , , , , , 
2019/1/5, , , , , , , 
2019/1/6, , , , , , , 
2019/1/7, , , , , , , 
2019/1/8, , , , , , , 
2019/1/9, , , , , , , 
2019/1/10, , , , , , , 
2019/1/11, , , , , , , 
2019/1/12, , , , , , , 
2019/1/13, , , , , , , 
2019/1/14, , , , , , , 
2019/1/15, , , , , , , 
2019/1/16, , , , , , , 
2019/1/17, , , , , , , 
2019/1/18, , , , , , , 
2019/1/19, , , , , , , 
2019/1/20, , , , , , , 
2019/1/21, , , , , , , 
2019/1/22, , , , , , , 
2019/1/23, , , , , , , 
2019/1/24, , , , , , , 
2019/1/25, , , , , , , 
2019/1/26, , , , , , , 
2019/1/27, , , , , , , 
2019/1/28, , , , , , , 
2019/1/29, , , , , , , 
2019/1/30, , , , , , , 
2019/1/31, , , , , , , 
2019/2/1, , , , , , , 
2019/2/2, , , , , , , 
2019/2/3, , , , , , , 
2019/2/4, , , , , , , 
2019/2/5, , , , , , , 
2019/2/6, , , , , , , 
2019/2/7, , , , , , , 
2019/2/8, , , , , , , 
2019/2/9, , , , , , , 
2019/2/10, , , , , , , 
2019/2/11, , , , , , , 
2019/2/12, , , , , , , 
2019/2/13, , , , , , , 
2019/2/14, , , , , , , 
2019/2/15, , , , , , , 
2019/2/16, , , , , , , 
2019/2/17, , , , , , , 
2019/2/18, , , , , , , 
2019/2/19, , , , , , , 
2019/2/20, , , , , , , 
2019/2/21, , , , , , , 
2019/2/22, , , , , , , 
2019/2/23, , , , , , , 
2019/2/24, , , , , , , 
2019/2/25, , , , , , , 
2019/2/26, , , , , , , 
2019/2/27, , , , , , , 
2019/2/28, , , , , , , 
2019/3/1, , , , , , , 
2019/3/2, , , , , , , 
2019/3/3, , , , , , , 
2019/3/4, , , , , , , 
2019/3/5, , , , , , , 
2019/3/6, , , , , , , 
2019/3/7, , , , , , , 
2019/3/8, , , , , , , 
2019/3/9, , , , , , , 
2019/3/10, , , , , , , 
2019/3/11, , , , , , , 
2019/3/12, , , , , , , 
2019/3/13, , , , , , , 
2019/3/14, , , , , , , 
2019/3/15, , , , , , , 
2019/3/16, , , , , , , 
2019/3/17, , , , , , , 
2019/3/18, , , , , , , 
2019/3/19, , , , , , , 
2019/3/20, , , , , , , 
2019/3/21, , , , , , , 
2019/3/22, , , , , , , 
2019/3/23, , , , , , , 
2019/3/24, , , , , , , 
2019/3/25, , , , , , , 
2019/3/26, , , , , , , 
2019/3/27, , , , , , , 
2019/3/28, , , , , , , 
2019/3/29, , , , , , , 
2019/3/30, , , , , , , 
2019/3/31, , , , , , , 
2018/10/1, , , , , , , 69
2018/10/2, , , , , , , 66
2018/10/3, , , , , , , 51
2018/10/4, , , , , , , 49
2018/10/5, , , , , , , 49
2018/10/6, , , , , , , 40
2018/10/7, , , , , , , 33
2018/10/8, , , , , , , 34
2018/10/9, , , , , , , 34
2018/10/10, , , , , , , 30
2018/10/11, , , , , , , 51
2018/10/12, , , , , , , 39
2018/10/13, , , , , , , 36
2018/10/14, , , , , , , 42
2018/10/15, , , , , , , 41
2018/10/16, , , , , , , 54
2018/10/17, , , , , , , 52
2018/10/18, , , , , , , 26
2018/10/19, , , , , , , 22
2018/10/20, , , , , , , 24
2018/10/21, , , , , , , 48
2018/10/22, , , , , , , 46
2018/10/23, , , , , , , 54
2018/10/24, , , , , , , 35
2018/10/25, , , , , , , 16
2018/10/26, , , , , , , 46
2018/10/27, , , , , , , 49
2018/10/28, , , , , , , 32
2018/10/29, , , , , , , 48
2018/10/30, , , , , , , 47
2018/10/31, , , , , , , 49
2018/11/1, , , , , , , 53
2018/11/2, , , , , , , 42
2018/11/3, , , , , , , 28
2018/11/4, , , , , , , 21
2018/11/5, , , , , , , 19
2018/11/6, , , , , , , 20
2018/11/7, , , , , , , 26
2018/11/8, , , , , , , 20
2018/11/9, , , , , , , 21
2018/11/10, , , , , , , 26
2018/11/11, , , , , , , 49
2018/11/12, , , , , , , 25
2018/11/13, , , , , , , 41
2018/11/14, , , , , , , 33
2018/11/15, , , , , , , 26
2018/11/16, , , , , , , 23
2018/11/17, , , , , , , 31
2018/11/18, , , , , , , 33
2018/11/19, , , , , , , 51
2018/11/20, , , , , , , 53
2018/11/21, , , , , , , 43
2018/11/22, , , , , , , 52
2018/11/23, , , , , , , 57
2018/11/24, , , , , , , 60
2018/11/25, , , , , , , 56
2018/11/26, , , , , , , 53
2018/11/27, , , , , , , 65
2018/11/28, , , , , , , 49
2018/11/29, , , , , , , 41
2018/11/30, , , , , , , 28
2018/12/1, , , , , , , 23
2018/12/2, , , , , , , 15
2018/12/3, , , , , , , 29
2018/12/4, , , , , , , 18
2018/12/5, , , , , , , 15
2018/12/6, , , , , , , 14
2018/12/7, , , , , , , 20
2018/12/8, , , , , , , 20
2018/12/9, , , , , , , 23
2018/12/10, , , , , , , 40
2018/12/11, , , , , , , 20
2018/12/12, , , , , , , 19
2018/12/13, , , , , , , 18
2018/12/14, , , , , , , 27
2018/12/15, , , , , , , 27
2018/12/16, , , , , , , 21
2018/12/17, , , , , , , 16
2018/12/18, , , , , , , 17
2018/12/19, , , , , , , 18
2018/12/20, , , , , , , 32
2018/12/21, , , , , , , 55
2018/12/22, , , , , , , 58
2018/12/23, , , , , , , 65
2018/12/24, , , , , , , 69
2018/12/25, , , , , , , 60
2018/12/26, , , , , , , 55
2018/12/27, , , , , , , 57
2018/12/28, , , , , , , 56
2018/12/29, , , , , , , 63
2018/12/30, , , , , , , 55
2018/7/1, , , , , , , 26
2018/7/2, , , , , , , 21
2018/7/3, , , , , , , 21
2018/7/4, , , , , , , 17
2018/7/5, , , , , , , 21
2018/7/6, , , , , , , 21
2018/7/7, , , , , , , 33
2018/7/8, , , , , , , 30
2018/7/9, , , , , , , 29
2018/7/10, , , , , , , 26
2018/7/11, , , , , , , 34
2018/7/12, , , , , , , 35
2018/7/13, , , , , , , 33
2018/7/14, , , , , , , 41
2018/7/15, , , , , , , 42
2018/7/16, , , , , , , 38
2018/7/17, , , , , , , 47
2018/7/18, , , , , , , 38
2018/7/19, , , , , , , 37
2018/7/20, , , , , , , 47
2018/7/21, , , , , , , 29
2018/7/22, , , , , , , 36
2018/7/23, , , , , , , 38
2018/7/24, , , , , , , 22
2018/7/25, , , , , , , 18
2018/7/26, , , , , , , 22
2018/7/27, , , , , , , 19
2018/7/28, , , , , , , 18
2018/7/29, , , , , , , 17
2018/7/30, , , , , , , 11
2018/7/31, , , , , , , 12
2018/8/1, , , , , , , 15
2018/8/2, , , , , , , 24
2018/8/3, , , , , , , 27
2018/8/4, , , , , , , 32
2018/8/5, , , , , , , 37
2018/8/6, , , , , , , 36
2018/8/7, , , , , , , 30
2018/8/8, , , , , , , 35
2018/8/9, , , , , , , 32
2018/8/10, , , , , , , 23
2018/8/11, , , , , , , 33
2018/8/12, , , , , , , 48
2018/8/13, , , , , , , 45
2018/8/14, , , , , , , 51
2018/8/15, , , , , , , 55
2018/8/16, , , , , , , 71
2018/8/17, , , , , , , 74
2018/8/18, , , , , , , 68
2018/8/19, , , , , , , 63
2018/8/20, , , , , , , 54
2018/8/21, , , , , , , 58
2018/8/22, , , , , , , 55
2018/8/23, , , , , , , 36
2018/8/24, , , , , , , 42
2018/8/25, , , , , , , 56
2018/8/26, , , , , , , 58
2018/8/27, , , , , , , 62
2018/8/28, , , , , , , 67
2018/8/29, , , , , , , 48
2018/8/30, , , , , , , 49
2018/8/31, , , , , , , 57
2018/9/1, , , , , , , 52
2018/9/2, , , , , , , 49
2018/9/3, , , , , , , 39
2018/9/4, , , , , , , 27
2018/9/5, , , , , , , 28
2018/9/6, , , , , , , 47
2018/9/7, , , , , , , 26
2018/9/8, , , , , , , 24
2018/9/9, , , , , , , 30
2018/9/10, , , , , , , 25
2018/9/11, , , , , , , 33
2018/9/12, , , , , , , 27
2018/9/13, , , , , , , 33
2018/9/14, , , , , , , 32
2018/9/15, , , , , , , 26
2018/9/16, , , , , , , 49
2018/9/17, , , , , , , 53
2018/9/18, , , , , , , 40
2018/9/19, , , , , , , 55
2018/9/20, , , , , , , 45
2018/9/21, , , , , , , 37
2018/9/22, , , , , , , 32
2018/9/23, , , , , , , 34
2018/9/24, , , , , , , 53
2018/9/25, , , , , , , 58
2018/9/26, , , , , , , 52
2018/9/27, , , , , , , 56
2018/9/28, , , , , , , 53
2018/9/29, , , , , , , 48
2018/9/30, , , , , , , 60
2018/4/1, , , , , , , 44
2018/4/2, , , , , , , 37
2018/4/3, , , , , , , 34
2018/4/4, , , , , , , 31
2018/4/5, , , , , , , 32
2018/4/6, , , , , , , 39
2018/4/7, , , , , , , 35
2018/4/8, , , , , , , 27
2018/4/9, , , , , , , 25
2018/4/10, , , , , , , 23
2018/4/11, , , , , , , 17
2018/4/12, , , , , , , 24
2018/4/13, , , , , , , 23
2018/4/14, , , , , , , 20
2018/4/15, , , , , , , 19
2018/4/16, , , , , , , 22
2018/4/17, , , , , , , 20
2018/4/18, , , , , , , 25
2018/4/19, , , , , , , 26
2018/4/20, , , , , , , 30
2018/4/21, , , , , , , 27
2018/4/22, , , , , , , 27
2018/4/23, , , , , , , 25
2018/4/24, , , , , , , 29
2018/4/25, , , , , , , 22
2018/4/26, , , , , , , 20
2018/4/27, , , , , , , 16
2018/4/28, , , , , , , 18
2018/4/29, , , , , , , 16
2018/4/30, , , , , , , 16
2018/5/1, , , , , , , 16
2018/5/2, , , , , , , 16
2018/5/3, , , , , , , 27
2018/5/4, , , , , , , 22
2018/5/5, , , , , , , 21
2018/5/6, , , , , , , 29
2018/5/7, , , , , , , 31
2018/5/8, , , , , , , 22
2018/5/9, , , , , , , 34
2018/5/10, , , , , , , 29
2018/5/11, , , , , , , 24
2018/5/12, , , , , , , 30
2018/5/13, , , , , , , 26
2018/5/14, , , , , , , 26
2018/5/15, , , , , , , 27
2018/5/16, , , , , , , 21
2018/5/17, , , , , , , 21
2018/5/18, , , , , , , 20
2018/5/19, , , , , , , 22
2018/5/20, , , , , , , 23
2018/5/21, , , , , , , 25
2018/5/22, , , , , , , 22
2018/5/23, , , , , , , 20
2018/5/24, , , , , , , 16
2018/5/25, , , , , , , 16
2018/5/26, , , , , , , 24
2018/5/27, , , , , , , 16
2018/5/28, , , , , , , 20
2018/5/29, , , , , , , 18
2018/5/30, , , , , , , 18
2018/5/31, , , , , , , 32
2018/6/1, , , , , , , 13
2018/6/2, , , , , , , 15
2018/6/3, , , , , , , 24
2018/6/4, , , , , , , 28
2018/6/5, , , , , , , 43
2018/6/6, , , , , , , 30
2018/6/7, , , , , , , 26
2018/6/8, , , , , , , 22
2018/6/9, , , , , , , 23
2018/6/10, , , , , , , 39
2018/6/11, , , , , , , 30
2018/6/12, , , , , , , 36
2018/6/13, , , , , , , 55
2018/6/14, , , , , , , 52
2018/6/15, , , , , , , 69
2018/6/16, , , , , , , 51
2018/6/17, , , , , , , 32
2018/6/18, , , , , , , 16
2018/6/19, , , , , , , 21
2018/6/20, , , , , , , 44
2018/6/21, , , , , , , 20
2018/6/22, , , , , , , 17
2018/6/23, , , , , , , 22
2018/6/24, , , , , , , 15
2018/6/25, , , , , , , 13
2018/6/26, , , , , , , 15
2018/6/27, , , , , , , 26
2018/6/28, , , , , , , 21
2018/6/29, , , , , , , 26
2018/6/30, , , , , , , 16
2018/1/1, , , , , , , 27
2018/1/2, , , , , , , 28
2018/1/3, , , , , , , 26
2018/1/4, , , , , , , 22
2018/1/5, , , , , , , 32
2018/1/6, , , , , , , 32
2018/1/7, , , , , , , 16
2018/1/8, , , , , , , 19
2018/1/9, , , , , , , 16
2018/1/10, , , , , , , 17
2018/1/11, , , , , , , 20
2018/1/12, , , , , , , 21
2018/1/13, , , , , , , 16
2018/1/14, , , , , , , 19
2018/1/15, , , , , , , 21
2018/1/16, , , , , , , 33
2018/1/17, , , , , , , 26
2018/1/18, , , , , , , 25
2018/1/19, , , , , , , 23
2018/1/20, , , , , , , 19
2018/1/21, , , , , , , 10
2018/1/22, , , , , , , 12
2018/1/23, , , , , , , 12
2018/1/24, , , , , , , 16
2018/1/25, , , , , , , 22
2018/1/26, , , , , , , 25
2018/1/27, , , , , , , 21
2018/1/28, , , , , , , 22
2018/1/29, , , , , , , 37
2018/1/30, , , , , , , 41
2018/1/31, , , , , , , 21
2018/2/1, , , , , , , 24
2018/2/2, , , , , , , 25
2018/2/3, , , , , , , 25
2018/2/4, , , , , , , 28
2018/2/5, , , , , , , 31
2018/2/6, , , , , , , 33
2018/2/7, , , , , , , 35
2018/2/8, , , , , , , 37
2018/2/9, , , , , , , 42
2018/2/10, , , , , , , 45
2018/2/11, , , , , , , 57
2018/2/12, , , , , , , 44
2018/2/13, , , , , , , 31
2018/2/14, , , , , , , 30
2018/2/15, , , , , , , 39
2018/2/16, , , , , , , 46
2018/2/17, , , , , , , 49
2018/2/18, , , , , , , 44
2018/2/19, , , , , , , 41
2018/2/20, , , , , , , 21
2018/2/21, , , , , , , 20
2018/2/22, , , , , , , 21
2018/2/23, , , , , , , 18
2018/2/24, , , , , , , 19
2018/2/25, , , , , , , 26
2018/2/26, , , , , , , 27
2018/2/27, , , , , , , 26
2018/2/28, , , , , , , 23
2018/3/1, , , , , , , 22
2018/3/2, , , , , , , 25
2018/3/3, , , , , , , 22
2018/3/4, , , , , , , 22
2018/3/5, , , , , , , 21
2018/3/6, , , , , , , 18
2018/3/7, , , , , , , 19
2018/3/8, , , , , , , 23
2018/3/9, , , , , , , 30
2018/3/10, , , , , , , 34
2018/3/11, , , , , , , 38
2018/3/12, , , , , , , 40
2018/3/13, , , , , , , 41
2018/3/14, , , , , , , 39
2018/3/15, , , , , , , 34
2018/3/16, , , , , , , 37
2018/3/17, , , , , , , 40
2018/3/18, , , , , , , 32
2018/3/19, , , , , , , 34
2018/3/20, , , , , , , 35
2018/3/21, , , , , , , 35
2018/3/22, , , , , , , 32
2018/3/23, , , , , , , 24
2018/3/24, , , , , , , 21
2018/3/25, , , , , , , 32
2018/3/26, , , , , , , 40
2018/3/27, , , , , , , 50
2018/3/28, , , , , , , 33
2018/3/29, , , , , , , 32
2018/3/30, , , , , , , 35
2018/3/31, , , , , , , 37
2017/10/19, , , , , , , 31
2017/10/20, , , , , , , 24
2017/10/21, , , , , , , 36
2017/10/22, , , , , , , 32
2017/10/23, , , , , , , 28
2017/10/24, , , , , , , 29
2017/10/25, , , , , , , 21
2017/10/26, , , , , , , 19
2017/10/27, , , , , , , 34
2017/10/28, , , , , , , 26
2017/10/29, , , , , , , 16
2017/12/12, , , , , , , 50
2017/12/13, , , , , , , 47
2017/12/14, , , , , , , 52
2017/12/15, , , , , , , 45
2017/12/16, , , , , , , 45
2017/12/17, , , , , , , 32
2017/12/18, , , , , , , 29
2017/12/19, , , , , , , 24
2017/12/20, , , , , , , 37
2017/12/21, , , , , , , 34
2017/12/22, , , , , , , 27
2017/12/23, , , , , , , 33
2017/12/24, , , , , , , 25
2017/12/25, , , , , , , 30
2017/12/26, , , , , , , 24
2017/12/27, , , , , , , 16
2017/12/28, , , , , , , 16
2017/12/29, , , , , , , 16
2017/12/30, , , , , , , 20